DROP DATABASE IF EXISTS `vdi`;
CREATE DATABASE IF NOT EXISTS `vdi`;
USE `vdi`;


DROP TABLE IF EXISTS `category`;
CREATE TABLE IF NOT EXISTS `category` (
  `id` bigint(20) NOT NULL AUTO_INCREMENT,
  `nom` varchar(255) DEFAULT NULL,
  PRIMARY KEY (`id`)
) ENGINE=InnoDB DEFAULT CHARSET=utf8mb4 COLLATE=utf8mb4_general_ci;


DROP TABLE IF EXISTS `contenu`;
CREATE TABLE IF NOT EXISTS `contenu` (
  `id` bigint(20) NOT NULL AUTO_INCREMENT,
  `nom` varchar(255) DEFAULT NULL,
  `category` bigint(20) DEFAULT NULL,
  PRIMARY KEY (`id`),
  KEY `FKsiqsfqlduc2ehkjnbrsriomox` (`category`),
  CONSTRAINT `FKsiqsfqlduc2ehkjnbrsriomox` FOREIGN KEY (`category`) REFERENCES `category` (`id`)
) ENGINE=InnoDB DEFAULT CHARSET=utf8mb4 COLLATE=utf8mb4_general_ci;



DROP TABLE IF EXISTS `nurgeneral`;
CREATE TABLE IF NOT EXISTS `nurgeneral` (
  `id` bigint(20) NOT NULL AUTO_INCREMENT,
  `name` varchar(255) DEFAULT NULL,
  PRIMARY KEY (`id`)
) ENGINE=InnoDB DEFAULT CHARSET=utf8mb4 COLLATE=utf8mb4_general_ci;


DROP TABLE IF EXISTS `nursingle`;
CREATE TABLE IF NOT EXISTS `nursingle` (
  `id` bigint(20) NOT NULL AUTO_INCREMENT,
  `name` varchar(255) DEFAULT NULL,
  `nurgeneral` bigint(20) DEFAULT NULL,
  PRIMARY KEY (`id`),
  KEY `FKpuokdtirtlt2a5bly1wxkhadw` (`nurgeneral`),
  CONSTRAINT `FKpuokdtirtlt2a5bly1wxkhadw` FOREIGN KEY (`nurgeneral`) REFERENCES `nurgeneral` (`id`)
) ENGINE=InnoDB DEFAULT CHARSET=utf8mb4 COLLATE=utf8mb4_general_ci;


DROP TABLE IF EXISTS `site`;
CREATE TABLE IF NOT EXISTS `site` (
  `id` bigint(20) NOT NULL AUTO_INCREMENT,
  `code_site` varchar(255) DEFAULT NULL,
  `latitude` double DEFAULT NULL,
  `longitude` double DEFAULT NULL,
  `name` varchar(255) DEFAULT NULL,
  PRIMARY KEY (`id`)
) ENGINE=InnoDB DEFAULT CHARSET=utf8mb4 COLLATE=utf8mb4_general_ci;


DROP TABLE IF EXISTS `type`;
CREATE TABLE IF NOT EXISTS `type` (
  `id` bigint(20) NOT NULL AUTO_INCREMENT,
  `name` varchar(255) DEFAULT NULL,
  PRIMARY KEY (`id`)
) ENGINE=InnoDB DEFAULT CHARSET=utf8mb4 COLLATE=utf8mb4_general_ci;


DROP TABLE IF EXISTS `service`;
CREATE TABLE IF NOT EXISTS `service` (
  `id` bigint(20) NOT NULL AUTO_INCREMENT,
  `name` varchar(255) DEFAULT NULL,
  PRIMARY KEY (`id`)
) ENGINE=InnoDB DEFAULT CHARSET=utf8mb4 COLLATE=utf8mb4_general_ci;


DROP TABLE IF EXISTS `type`;
CREATE TABLE IF NOT EXISTS `type` (
  `id` bigint(20) NOT NULL AUTO_INCREMENT,
  `name` varchar(255) DEFAULT NULL,
  PRIMARY KEY (`id`)
) ENGINE=InnoDB DEFAULT CHARSET=utf8mb4 COLLATE=utf8mb4_general_ci;


DROP TABLE IF EXISTS `incident`;
CREATE TABLE IF NOT EXISTS `incident` (
  `id` bigint(20) NOT NULL AUTO_INCREMENT,
  `cause` varchar(255) DEFAULT NULL,
  `closed_at` date DEFAULT NULL,
  `created_at` date DEFAULT NULL,
  `criticality` varchar(255) DEFAULT NULL,
  `customId` varchar(255) DEFAULT NULL,
  `duration` bigint(20) DEFAULT NULL,
  `end_date` datetime(6) DEFAULT NULL,
  `resolution` varchar(255) DEFAULT NULL,
  `root_cause` varchar(255) DEFAULT NULL,
  `start_date` datetime(6) DEFAULT NULL,
  `status` varchar(255) DEFAULT NULL,
  `category` bigint(20) DEFAULT NULL,
  `nursingle` bigint(20) DEFAULT NULL,
  `service` bigint(20) DEFAULT NULL,
  `site` bigint(20) DEFAULT NULL,
  `type` bigint(20) DEFAULT NULL,
  PRIMARY KEY (`id`),
  KEY `FKcn6of9cgrdni3rltw622c9t4x` (`category`),
  KEY `FK5jy4bi8o0g91xtiwt7u8nd83x` (`nursingle`),
  KEY `FKcai2wu3s9b714rnu9tarkg21l` (`service`),
  KEY `FK6s0qitw9lv59cadlpjridymds` (`site`),
  KEY `FKamn6wvlgeeirslcuixml18hjy` (`type`),
  CONSTRAINT `FK5jy4bi8o0g91xtiwt7u8nd83x` FOREIGN KEY (`nursingle`) REFERENCES `nursingle` (`id`),
  CONSTRAINT `FK6s0qitw9lv59cadlpjridymds` FOREIGN KEY (`site`) REFERENCES `site` (`id`),
  CONSTRAINT `FKamn6wvlgeeirslcuixml18hjy` FOREIGN KEY (`type`) REFERENCES `type` (`id`),
  CONSTRAINT `FKcai2wu3s9b714rnu9tarkg21l` FOREIGN KEY (`service`) REFERENCES `service` (`id`),
  CONSTRAINT `FKcn6of9cgrdni3rltw622c9t4x` FOREIGN KEY (`category`) REFERENCES `category` (`id`)
) ENGINE=InnoDB DEFAULT CHARSET=utf8mb4 COLLATE=utf8mb4_general_ci;

-- Insertion des données



INSERT INTO `nurgeneral` (`id`, `name`) VALUES
(1, 'Energy'),
(2, 'Transmission'),
(3, 'System'),
(4, 'Works'),
(5, 'Others'),
(6, 'Disastsers'),
(7, 'Insecurity');

INSERT INTO `nursingle` (`id`, `name`, `nurgeneral`) VALUES
(1, 'Energie_TOM/NUR TOWERCO', 1),
(2, 'Problème énergie_Jirama', 1),
(3, 'problème énergie_PS', 1),
(4, 'Problème énergie proprio', 1),
(5, 'Problème énergie_GE', 1),
(6, 'Energie_HELIOS/NUR_Sharing', 1),
(7, 'IPMPLS', 2),
(8, 'Liaison Backbone', 2),
(9, 'Transmission', 2),
(10, 'Transmission_AIRTEL/NUR_Sharing', 2),
(11, 'System', 3),
(12, 'Works', 4),
(13, 'Site Sharing Energie', 6),
(14, 'Cyclone', 6),
(15, 'Délestage JIRAMA', 6),
(16, 'Site Foudroyé', 6),
(17, 'Autres_Accès sites_insecurité', 7);

INSERT INTO `site` (`id`, `code_site`, `latitude`, `longitude`, `name`) VALUES
(1, 'ANM_REN_0003', -18.9107646942138, 47.5263175964355, 'CentreVille'),
(2, 'ANM_REN_0002', -18.8701915740966, 47.5243453979492, 'Ivandry'),
(3, 'ANM_AMB_0001', -18.8034324645996, 47.4801216125488, 'Ivato'),
(4, 'ANM_REN_0001', -18.8939990997314, 47.5449981689453, 'Meteo'),
(5, 'ATS_URB_0001', -18.1540546417236, 49.4135017395019, 'Tamatave'),
(6, 'ANM_REN_0004', -18.9027500152587, 47.5225753784179, 'Gare'),
(7, 'ANM_AMB_0002', -18.8157997131347, 47.4369010925292, 'Golf'),
(8, 'ANM_SUD_0001', -18.8974819183349, 47.4724655151367, 'Itaosy'),
(9, 'ANM_SUD_0002', -19.0242004394531, 47.5365982055664, 'Iavoloha'),
(10, 'BOE_URB_0001', -15.7182483673095, 46.3081474304199, 'MajungaAndrova'),
(11, 'DIA_URB_0001', -12.2791900634765, 49.2931976318359, 'Diego1'),
(12, 'ANJ_STM_0001', -16.9988231658935, 49.8534355163574, 'SainteMarieAmbodifotatra'),
(13, 'SAV_ANT_0001', -14.9083614349365, 50.2745819091796, 'Antalaha'),
(14, 'DIA_NOS_0001', -13.3998613357543, 48.2108345031738, 'NosyBeCratere'),
(15, 'ANM_REN_0005', -18.9163417816162, 47.5144271850585, 'Academie'),
(16, 'ANM_REN_0006', -18.9057731628417, 47.5376205444335, 'RicoBetongolo'),
(17, 'ANM_REN_0007', -18.9067974090576, 47.5224418640136, 'AnalakelyBull'),
(18, 'AAN_URB_0001', -23.3499450683593, 43.6691665649414, 'Tulear1'),
(19, 'MAT_URB_0001', -21.447696685791, 47.0749626159667, 'FianaraKianjasoa'),
(20, 'ANM_REN_0009', -18.9080467224121, 47.5140495300292, 'Isotry'),
(21, 'ANM_REN_0008', -18.8982124328613, 47.531681060791, 'Mascar'),
(22, 'ANM_NOR_0001', -18.8645000457763, 47.5494003295898, 'Ambohitrarahaba'),
(23, 'ANM_REN_0010', -18.9042129516601, 47.5597229003906, 'Andraisoro'),
(24, 'ANM_REN_0011', -18.8446998596191, 47.4858016967773, 'Ambatolampikely'),
(25, 'ANM_AMB_0003', -18.839973449707, 47.4605827331542, 'Talatamaty'),
(26, 'ANM_NOR_0002', -18.8783817291259, 47.5631408691406, 'Ambatobe'),
(27, 'ANM_REN_0012', -18.9354000091552, 47.5287017822265, 'Tsimbazaza'),
(28, 'ANM_REN_0013', -18.8712997436523, 47.4925003051757, 'Ambohimanarina'),
(29, 'ANM_REN_0014', -18.9022998809814, 47.5086784362792, '67Ha'),
(30, 'ANM_REN_0015', -18.8971824645996, 47.5220336914062, 'Antanimena'),
(31, 'ANM_REN_0016', -18.930700302124, 47.5189018249511, 'Soanierana'),
(32, 'ANM_REN_0017', -18.9106407165527, 47.5215759277343, 'Isoraka'),
(33, 'MEN_MOR_0001', -20.2964000701904, 44.2821998596191, 'Morondava1'),
(34, 'ANM_SUD_0003', -18.9399547576904, 47.4236907958984, 'Alakamisy'),
(35, 'ATS_RUR_0001', -18.1208324432373, 49.4049987792968, 'TamaMiouMiou'),
(36, 'ANM_SUD_0004', -18.9726390838623, 47.5380783081054, 'Andoharanofotsy'),
(37, 'ANM_NOR_0003', -18.8971004486083, 47.5759010314941, 'Pedro'),
(38, 'ANM_AMB_0004', -18.7036972045898, 47.3455696105957, 'Mahitsy'),
(39, 'ANM_SUD_0005', -18.9133396148681, 47.4932060241699, 'Anosimasina'),
(40, 'ANM_REN_0018', -18.8897228240966, 47.5338897705078, 'Manjakaray'),
(41, 'ANM_REN_0019', -18.9049034118652, 47.5246925354003, 'Rabearivelo'),
(42, 'DIA_URB_0002', -12.3080997467041, 49.2920570373535, 'DiegoScama'),
(43, 'ATS_URB_0002', -18.155138015747, 49.39986038208, 'TamaAmbolomadinika'),
(44, 'ANJ_STM_0002', -17.0371055603027, 49.8301773071289, 'SainteMarieMahavelo'),
(45, 'VAK_AMB_0001', -19.3764171600341, 47.4473342895507, 'Ambatolampy'),
(46, 'ANM_REN_0020', -18.9132671356201, 47.5385627746582, 'Ankorahotra'),
(47, 'ANM_REN_0021', -18.9008350372314, 47.5275268554687, 'Ambatomitsangana'),
(48, 'DIA_NOS_0002', -13.3523607254028, 48.2847518920898, 'NosyBeAeroport'),
(49, 'AAN_SAK_0001', -22.908332824707, 44.525276184082, 'Sakaraha'),
(50, 'ANO_TAO_0001', -25.0287227630615, 46.9537010192871, 'FortDauphin1'),
(51, 'ANO_TAO_0002', -25.0289726257324, 46.9973068237304, 'FortDauphin2'),
(52, 'ANM_MAN_0001', -18.9272003173828, 47.7368011474609, 'Angavokely'),
(53, 'ANM_REN_0022', -18.8943901062011, 47.5157203674316, 'Ankazomanga'),
(54, 'DIA_NOS_0004', -13.2633333206176, 48.1933326721191, 'NosyBeAndilana'),
(55, 'DIA_NOS_0003', -13.3699722290039, 48.207721710205, 'NosyBeDzama'),
(56, 'ITA_ARI_0001', -19.0182991027832, 47.2289009094238, 'Arivonimamo'),
(57, 'AMO_ABS_0001', -20.5332126617431, 47.245620727539, 'Ambositra'),
(58, 'ITA_MIA_0001', -19.0037002563476, 46.8633995056152, 'Miarinarivo'),
(59, 'VAT_MJR_0001', -21.2369441986083, 48.3461112976074, 'Mananjary'),
(60, 'ITA_ARI_0002', -19.2677497863769, 47.1407508850097, 'Manalalondo'),
(61, 'ANJ_MAN_0001', -16.1736030578613, 49.7702102661132, 'Mananara'),
(62, 'AAT_FAR_0001', -22.8336563110351, 47.8284225463867, 'Farafangana'),
(63, 'BOE_MAR_0001', -16.1141681671142, 46.6437606811523, 'Marovoay'),
(64, 'ATS_BRI_0001', -18.8031387329101, 49.0839729309082, 'Brickaville'),
(65, 'IHO_IHO_0001', -22.434377670288, 46.0511245727539, 'Ihosy'),
(66, 'ALA_AMB_0001', -17.8423881530761, 48.4285507202148, 'Ambatondrazaka'),
(67, 'AND_AMB_0001', -25.1807212829589, 46.087776184082, 'Ambovombe'),
(68, 'SAV_SAM_0001', -14.2559747695922, 50.1505279541015, 'Sambava2'),
(69, 'SAV_AND_0001', -14.6636171340942, 49.6451339721679, 'Andapa'),
(70, 'ATS_URB_0003', -18.1383895874023, 49.4043350219726, 'TamaMorafeno'),
(71, 'ANM_REN_0026', -18.91206741333, 47.508430480957, '67HaSud'),
(72, 'ANM_REN_0023', -18.9244918823242, 47.554702758789, 'Ambohipo'),
(73, 'ANM_REN_0024', -18.8703002929687, 47.5410995483398, 'Analamahitsy'),
(74, 'ANM_REN_0025', -18.8746166229248, 47.549518585205, 'AnalamahitsyCentre'),
(75, 'ANM_SUD_0006', -18.9396781921386, 47.496898651123, 'Anosizato'),
(76, 'ANM_AMB_0005', -18.8205261230468, 47.4659881591796, 'Mandrosoa'),
(77, 'ANM_NOR_0004', -18.8359546661376, 47.5618286132812, 'Sabnam'),
(78, 'AMO_FAN_0001', -20.2591896057128, 47.4019126892089, 'Fandriana'),
(79, 'ANM_SUD_0007', -18.9565811157226, 47.5282096862792, 'Tanjombato'),
(80, 'DIA_URB_0003', -12.2697801589965, 49.292121887207, 'DiegoPlacekabary'),
(81, 'ITA_SOA_0001', -19.1661396026611, 46.7443618774414, 'Soavinandriana'),
(82, 'ANM_REN_0027', -18.8795166015625, 47.5105972290039, 'Galaxy'),
(83, 'ANJ_MAR_0001', -15.4379253387451, 49.7374038696289, 'Maroantsetra'),
(84, 'ANM_REN_0028', -18.9218006134033, 47.524429321289, 'Mahamasina'),
(85, 'SOF_ANT_0001', -14.8793601989746, 47.9888916015625, 'Antsohihy'),
(86, 'ANM_SUD_0008', -18.9123668670654, 47.4845390319824, 'Ambonisoa'),
(87, 'ANM_REN_0030', -18.9184207916259, 47.5327987670898, 'Andohalo'),
(88, 'ANM_REN_0029', -18.9289741516113, 47.5098571777343, 'Anosibe'),
(89, 'ANM_REN_0059', -18.8957500457763, 47.5590782165527, 'Mahazo'),
(90, 'BOE_URB_0002', -15.7242717742919, 46.3119735717773, 'Majungabe'),
(91, 'DIA_URB_0005', -12.2863359451293, 49.2940063476562, 'DiegoAntanambao'),
(92, 'MAT_URB_0002', -21.4561901092529, 47.095718383789, 'FianaraAntanambao'),
(93, 'MAT_AMB_0001', -21.8348522186279, 46.9371871948242, 'Ambalavao'),
(94, 'AAN_URB_0002', -23.3509807586669, 43.6760368347167, 'Tulear2'),
(95, 'ANO_AMB_0001', -25.0423374176025, 46.3934135437011, 'Amboasary'),
(96, 'BOE_URB_0003', -15.6762781143188, 46.3495750427246, 'MajungaAmborovy'),
(97, 'AAT_VAN_0001', -23.3503189086914, 47.603271484375, 'Vangaindrano'),
(98, 'IHO_IHO_0002', -22.7300281524658, 45.1773605346679, 'Ilakaka'),
(99, 'IHO_IHO_0003', -22.5564270019531, 45.4142608642578, 'Ranohira'),
(100, 'ANM_REN_0031', -18.8922672271728, 47.5256156921386, 'Ambodivona'),
(101, 'ANM_REN_0032', -18.9459400177001, 47.5253944396972, 'Ankadimbahoaka'),
(102, 'ANM_NOR_0005', -18.8783302307128, 47.5746231079101, 'Panoramique'),
(103, 'ANM_NOR_0006', -18.9383277893066, 47.5949783325195, 'Ambohimanambola'),
(104, 'ANM_REN_0033', -18.9022006988525, 47.5133018493652, 'Antohomadinika'),
(105, 'ANM_REN_0035', -18.9021110534667, 47.54097366333, 'Besarety'),
(106, 'ANM_REN_0034', -18.9338302612304, 47.5444717407226, 'Mahazoarivo'),
(107, 'ALA_AND_0001', -17.041389465332, 48.5422210693359, 'Andilamena'),
(108, 'DIA_ABJ_0001', -13.5031108856201, 48.5345001220703, 'Ankingabe'),
(109, 'BET_MAE_0001', -16.9386901855468, 46.8436393737792, 'Maevatanana'),
(110, 'DIA_ABJ_0002', -13.6941108703613, 48.453498840332, 'Ambanja'),
(111, 'BOE_AMB_0001', -16.4707221984863, 46.720359802246, 'AmbatoBoeni'),
(112, 'BOE_MAR_0002', -16.3136386871337, 46.8738594055175, 'Analibemena'),
(113, 'ATS_RUR_0002', -18.4477825164794, 49.1811561584472, 'Antaviambo'),
(114, 'DIA_RUR_0001', -12.5086641311645, 49.1902923583984, 'Joffreville'),
(115, 'SOF_MAM_0001', -16.0825290679931, 47.6522483825683, 'Mampikony'),
(116, 'ALA_MOR_0001', -18.9222888946533, 48.2464523315429, 'Moramanga'),
(117, 'DIA_NOS_0005', -13.4081945419311, 48.2583885192871, 'NosyBeLaVigie'),
(118, 'SOF_BOR_0001', -15.567889213562, 47.6208343505859, 'PortBerger'),
(119, 'SAV_SAM_0002', -14.2864141464233, 50.1585426330566, 'Sambava1'),
(120, 'SAV_VOH_0001', -13.3888454437255, 49.9982833862304, 'Vohemar'),
(121, 'ANM_ANK_0001', -18.3053340911865, 47.1065559387207, 'Ankazobe'),
(122, 'BOE_AMB_0002', -16.4452228546142, 47.1846389770507, 'Ambondromamy'),
(123, 'ALA_AMP_0001', -17.3511619567871, 48.4730072021484, 'Tanambe'),
(124, 'ANM_REN_0036', -18.9198608398437, 47.5369453430175, 'Ambanidia'),
(125, 'AAN_MOR_0001', -21.7471523284912, 43.357738494873, 'Morombe'),
(126, 'ANM_REN_0037', -18.863332748413, 47.5182762145996, 'Soavimasoandro'),
(127, 'ANM_REN_0038', -18.9095878601074, 47.5059928894042, '67HaCentre'),
(128, 'SOF_BEA_0001', -14.5378904342651, 48.745506286621, 'Bealanana'),
(129, 'VAK_URB_0002', -19.858055114746, 47.0311393737792, 'AntsirabeTsihitamaso'),
(130, 'ANM_REN_0039', -18.9154167175292, 47.5655555725097, 'Ankatso'),
(131, 'ANM_REN_0042', -18.8688335418701, 47.5287780761718, 'IvandryTELMA'),
(132, 'ANM_REN_0040', -18.9161338806152, 47.5297393798828, 'Marivolanitra'),
(133, 'ANM_REN_0041', -18.9204998016357, 47.5294456481933, 'Stadium'),
(134, 'ANM_REN_0043', -18.9088897705078, 47.5175018310546, 'Isoraka2'),
(135, 'BOE_URB_0004', -15.7134447097778, 46.3192481994628, 'MajungaPatel'),
(136, 'ANM_AMB_0006', -18.8448047637939, 47.4745292663574, 'Ambohibao'),
(137, 'MEN_MOR_0002', -20.2956008911132, 44.304401397705, 'Morondava2'),
(138, 'SOF_BEF_0001', -15.2578134536743, 48.5431938171386, 'Befandriana'),
(139, 'ANM_REN_0044', -18.9150810241699, 47.5319137573242, 'ResidenceRova'),
(140, 'MEN_MAH_0001', -20.3787784576416, 44.6682510375976, 'Mahabo'),
(141, 'ANM_REN_0045', -18.8869438171386, 47.5405540466308, 'Amboditsiry'),
(142, 'ANM_REN_0048', -18.923749923706, 47.5171661376953, 'Ambohibarikely'),
(143, 'ANM_REN_0046', -18.9108333587646, 47.512222290039, 'Manarintsoa'),
(144, 'ANM_REN_0047', -18.9039344787597, 47.5260963439941, 'Tsiazotafo'),
(145, 'ALA_MOR_0002', -18.9466152191162, 48.2300682067871, 'Moramanga2'),
(146, 'DIA_URB_0006', -12.2986106872558, 49.2983322143554, 'DiegoMamoudMakamba'),
(147, 'ANM_REN_0049', -18.879222869873, 47.5564727783203, 'Ambatobe2'),
(148, 'ALA_MOR_0003', -18.94380569458, 48.455696105957, 'Maromiza'),
(149, 'ATS_BRI_0002', -18.9654159545898, 48.7842483520507, 'Sahamamy'),
(150, 'ITA_ARI_0003', -18.9804992675781, 47.3294715881347, 'Imerintsiatosika'),
(151, 'DIA_RUR_0003', -12.8145275115966, 49.2403907775878, 'Marotaolana'),
(152, 'ANO_TAO_0003', -25.0241661071777, 46.974998474121, 'FortDauphin3'),
(153, 'ATS_URB_0008', -18.159589767456, 49.4102554321289, 'TamaAnjoma'),
(154, 'ATS_URB_0006', -18.1436119079589, 49.3963890075683, 'TamaAnkirihiry'),
(155, 'ATS_URB_0007', -18.1610088348388, 49.3907661437988, 'TamaVerrerie'),
(156, 'ANM_REN_0050', -18.8952770233154, 47.5368614196777, 'AnjanaharyCentre'),
(157, 'VAK_ANT_0001', -19.5899543762207, 47.2003593444824, 'Sambaina'),
(158, 'VAK_URB_0003', -19.8744449615478, 47.0327949523925, 'AntsirabeAmpatana'),
(159, 'VAK_BET_0001', -19.8491058349609, 46.8904418945312, 'Betafo'),
(160, 'MEN_MIA_0001', -19.5461673736572, 45.4557228088378, 'Miandrivazo'),
(161, 'ANM_ANJ_0001', -18.3965549468994, 47.8891677856445, 'Anjozorobe'),
(162, 'SAV_ANT_0002', -15.889666557312, 50.2524452209472, 'Vinanivao'),
(163, 'BOE_URB_0005', -15.7192802429199, 46.3238830566406, 'MajungaAbattoir'),
(164, 'ANM_REN_0051', -18.9356117248535, 47.5243911743164, 'Fiadanana'),
(165, 'ANM_SUD_0009', -18.9698963165283, 47.5297164916992, 'Tongarivo'),
(166, 'ANM_REN_0052', -18.9124164581298, 47.5208320617675, 'Isoraka3'),
(167, 'MAT_URB_0003', -21.4308605194091, 47.1101951599121, 'FianaraAnkofafa'),
(168, 'MAT_MAH_0001', -21.1078758239746, 47.2211799621582, 'Ambohimahasoa'),
(169, 'ANM_REN_0053', -18.8926029205322, 47.5560836791992, 'Nanisana'),
(170, 'SOF_ANA_0001', -14.6348304748535, 47.7512397766113, 'Analalava'),
(171, 'ALA_AMP_0002', -17.5800056457519, 48.2277908325195, 'Amparafaravola'),
(172, 'SOF_MAN_0001', -15.8424444198608, 48.8284454345703, 'Mandritsara'),
(173, 'ANM_MAN_0002', -18.9143600463867, 47.830020904541, 'Manjakandriana'),
(174, 'VAK_FAR_0001', -19.3980560302734, 46.9750823974609, 'Faratsiho'),
(175, 'DIA_NOS_0007', -13.4057998657226, 48.2743988037109, 'NosyBeHellville'),
(176, 'AAN_RUR_0002', -23.3649997711181, 43.7066650390625, 'TulearAndranomena'),
(177, 'MEL_BES_0001', -16.7584781646728, 44.4984092712402, 'Besalampy'),
(178, 'ANM_AMB_0007', -18.8269443511962, 47.4863891601562, 'Ambohijanahary'),
(179, 'ANJ_MAR_0002', -15.7071189880371, 49.6468963623046, 'Rantabe'),
(180, 'ANM_NOR_0007', -18.7495555877685, 47.6447486877441, 'Talatavolonondry'),
(181, 'ANM_REN_0054', -18.8975276947021, 47.5187225341796, 'Vasakosy'),
(182, 'ITA_MIA_0002', -18.9654788970947, 46.7020378112792, 'Analavory'),
(183, 'ANJ_STM_0003', -16.8781394958496, 49.8943061828613, 'SainteMarieLonkintsy'),
(184, 'VAK_BET_0002', -19.6602993011474, 46.9930992126464, 'Manarilefona'),
(185, 'ATS_VAT_0001', -19.3299217224121, 48.9782676696777, 'Vatomandry'),
(186, 'ANM_AMB_0008', -18.8422508239746, 47.4673767089843, 'Talatamaty2'),
(187, 'MEN_MOR_0003', -20.3248062133789, 44.5021934509277, 'Analaiva'),
(188, 'ANO_TAO_0004', -24.9576091766357, 47.0113677978515, 'FortDauphinQMM'),
(189, 'IHO_IHO_0004', -22.4000282287597, 46.1256370544433, 'Ihosy2'),
(190, 'FIT_MAN_0001', -22.1481456756591, 48.0130195617675, 'ManakaraTOM'),
(191, 'VAT_IFA_0001', -21.3048801422119, 47.6314849853515, 'Ifanadiana'),
(192, 'ITA_ARI_0004', -18.9534797668457, 47.3984413146972, 'Ambatomirahavavy'),
(193, 'ANM_SUD_0010', -18.9184780120849, 47.4723320007324, 'Andranonahoatra'),
(194, 'VAK_ANT_0002', -19.5253067016601, 47.398998260498, 'Ambohimandroso'),
(195, 'VAK_ANT_0003', -19.6499996185302, 47.3292007446289, 'Antanifotsy'),
(196, 'ANM_REN_0055', -18.9063892364501, 47.5280570983886, 'Faravohitra'),
(197, 'SAV_VOH_0002', -13.9859724044799, 49.9715843200683, 'AntsirabeNord'),
(198, 'SAV_VOH_0003', -13.2030553817749, 49.69038772583, 'Daraina'),
(199, 'BET_MAE_0002', -17.3037490844726, 46.9398880004882, 'Antsiafabositra'),
(200, 'ANJ_FEN_0001', -17.4874172210693, 49.451416015625, 'Mahambo'),
(201, 'VAK_RUR_0001', -19.7866382598876, 47.1120262145996, 'Andranomanelatra'),
(202, 'ANM_SUD_0011', -19.0361385345458, 47.5591392517089, 'Tsiafahy'),
(203, 'MAT_LAL_0001', -21.2815570831298, 47.2447547912597, 'AlakamisyAmbohima'),
(204, 'ATS_MAH_0001', -19.905834197998, 48.8161926269531, 'Mahanoro'),
(205, 'AMO_ABS_0002', -20.5222225189208, 47.3171958923339, 'Imerinimady'),
(206, 'AMO_ABF_0001', -20.5388069152832, 46.8167037963867, 'Ambatofinandrahana'),
(207, 'ANO_TAO_0005', -25.0286674499511, 46.9896392822265, 'FortDauphinAmpasikabo'),
(208, 'MAT_URB_0004', -21.4471111297607, 47.0887794494628, 'FianaraAmpasambazaha'),
(209, 'VAT_IFA_0002', -21.2603893280029, 47.4451675415039, 'Ranomafana'),
(210, 'AAN_URB_0003', -23.3504772186279, 43.6698608398437, 'TulearCHO'),
(211, 'ANO_BET_0001', -23.2702503204345, 46.104637145996, 'Betroka'),
(212, 'SAV_SAM_0003', -14.2627153396606, 50.1392211914062, 'Sambava3'),
(213, 'AAN_RUR_0003', -23.3396167755126, 43.6834564208984, 'Tulear4'),
(214, 'FIT_VOH_0001', -22.3583335876464, 47.8401947021484, 'Vohipeno'),
(215, 'AAN_AMP_0001', -24.6905269622802, 44.7489433288574, 'Ampanihy'),
(216, 'ANM_AND_0001', -19.1881675720214, 47.5849456787109, 'Andramasina'),
(217, 'BET_MAE_0003', -17.6087226867675, 46.9661102294921, 'Andriba'),
(218, 'AAT_VON_0001', -22.8204669952392, 47.3199882507324, 'Vondrozo'),
(219, 'ANM_AND_0002', -19.2376384735107, 47.7805557250976, 'Ambohimiadana'),
(220, 'BON_TSI_0001', -19.0155277252197, 46.5159149169921, 'Ankadinondry'),
(221, 'ANM_MAN_0003', -18.7246379852294, 47.7697486877441, 'Ankazondandy'),
(222, 'BOE_URB_0006', -15.6996669769287, 46.324722290039, 'MajungaAmboboka'),
(223, 'ATS_URB_0009', -18.1487617492675, 49.3905143737792, 'TamaMangarivotra'),
(224, 'ANM_AND_0003', -19.2071666717529, 47.5089721679687, 'Behenjy'),
(225, 'VAK_RUR_0002', -20.0250396728515, 47.0696945190429, 'Manandona'),
(226, 'ANJ_VAV_0001', -17.464277267456, 49.1989707946777, 'Vavatenina'),
(227, 'ATS_URB_0010', -18.1592769622802, 49.4161949157714, 'TamataveAgence'),
(228, 'SAV_SAM_0004', -14.422472000122, 50.1570739746093, 'Farahalana'),
(229, 'BON_FEN_0001', -18.4650001525878, 46.5436096191406, 'Fenoarivobe'),
(230, 'ANM_SUD_0012', -18.9857215881347, 47.5296936035156, 'Mahalavolona'),
(231, 'ANJ_SOA_0001', -16.9693336486816, 49.5629158020019, 'SoanieranaIvongo'),
(232, 'ANM_NOR_0008', -18.9558506011962, 47.567268371582, 'Alasora'),
(233, 'VAK_MAN_0001', -19.6627502441406, 46.5304450988769, 'Ankazomiriotra'),
(234, 'VAK_MAN_0002', -19.6419448852539, 46.3699989318847, 'Mandoto'),
(235, 'BOE_MIT_0001', -16.0076942443847, 45.8730583190917, 'Mitsinjo'),
(236, 'BET_TSA_0001', -16.8057498931884, 47.6404724121093, 'Tsaratanana'),
(237, 'SAV_VOH_0004', -12.9255275726318, 49.7919425964355, 'Ampisikina'),
(238, 'AAN_MOR_0002', -21.6050243377685, 43.670108795166, 'Ambahikily'),
(239, 'MEN_MAN_0001', -21.4340457916259, 44.329490661621, 'Manja'),
(240, 'SOF_ANT_0002', -15.1976947784423, 47.7578315734863, 'Manasamody'),
(241, 'MEN_MAH_0002', -20.3465557098388, 45.5950851440429, 'Malaimbandy'),
(242, 'AAN_RUR_0004', -22.7701206207275, 43.6004028320312, 'Ankililaoka'),
(243, 'ATS_MAR_0001', -20.053611755371, 48.1295280456542, 'Marolambo'),
(244, 'AAT_BEF_0001', -23.8273334503173, 46.9932785034179, 'Befotaka'),
(245, 'VAK_URB_0004', -19.865571975708, 47.0352821350097, 'AntsirabeImperial'),
(246, 'VAK_URB_0005', -19.8892784118652, 47.0241928100585, 'AntsirabeAmbohipeno'),
(247, 'VAK_URB_0006', -19.8647785186767, 47.0261573791503, 'AntsirabeIvory'),
(248, 'ATS_BRI_0003', -18.8064174652099, 48.652416229248, 'Andekaleka'),
(249, 'SOF_ANA_0002', -14.9610805511474, 47.2711677551269, 'Anjanjavy'),
(250, 'BOE_RUR_0001', -15.670916557312, 47.0634994506835, 'Mahajamba'),
(251, 'SOF_ANA_0003', -14.1646947860717, 47.8121109008789, 'NosyValiha'),
(252, 'BOE_SOA_0001', -16.0985832214355, 45.3310546875, 'Soalala'),
(253, 'ANM_NOR_0009', -18.8373851776123, 47.6586456298828, 'Fieferana'),
(254, 'ATS_RUR_0003', -18.1871948242187, 49.3803596496582, 'TamaBetainomby'),
(255, 'ITA_MIA_0003', -18.9752788543701, 46.9047203063964, 'Miarinarivo2'),
(256, 'ANM_REN_0056', -18.8793067932128, 47.5218887329101, 'Ibis'),
(257, 'AND_BEL_0001', -25.1760501861572, 45.056583404541, 'Beloha'),
(258, 'AND_TSI_0001', -25.3149681091308, 45.4885559082031, 'Tsiombe'),
(259, 'MEL_MOR_0001', -17.7520141601562, 45.0377235412597, 'Morafenobe'),
(260, 'ANM_REN_0057', -18.9186992645263, 47.5201568603515, 'Anosy'),
(261, 'MEN_BEL_0001', -19.7030792236328, 44.5496101379394, 'BeloTsiribihina'),
(262, 'DIA_ABJ_0003', -13.6738891601562, 48.455223083496, 'AmbanjaAntanambao'),
(263, 'AAN_URB_0004', -23.3634910583496, 43.6808853149414, 'TulearMahavatse'),
(264, 'ATS_RUR_0004', -18.1098327636718, 49.3956108093261, 'TamaAmbalamanasy'),
(265, 'ANJ_STM_0004', -17.0866394042968, 49.8263893127441, 'SainteMarieVohilava'),
(266, 'ANM_MAN_0004', -18.9984436035156, 47.8638877868652, 'Mantasoa'),
(267, 'SAV_SAM_0005', -14.2666721343994, 50.1654434204101, 'SambavaCentre'),
(268, 'SAV_ANT_0003', -14.9007749557495, 50.279182434082, 'AntalahaAntanambao'),
(269, 'DIA_URB_0007', -12.2978057861328, 49.2876663208007, 'DiegoTsaramandroso'),
(270, 'ANM_REN_0058', -18.8752784729003, 47.501609802246, 'Ambohimanarina2'),
(271, 'SAV_VOH_0005', -13.3575830459594, 50.008804321289, 'VohemarAndranomasikely'),
(272, 'VAK_URB_0007', -19.8812503814697, 47.0434989929199, 'AntsirabeAmbalavato'),
(273, 'BOE_URB_0007', -15.7195825576782, 46.317081451416, 'MajungaAmpasika'),
(274, 'BOE_URB_0008', -15.707555770874, 46.3172225952148, 'MajungaTsaramandroso'),
(275, 'ANM_NOR_0010', -18.7151947021484, 47.5694732666015, 'Ankadivoribe'),
(276, 'ANM_ANJ_0002', -18.4329452514648, 47.8025016784667, 'AnjozorobeAndombotra'),
(277, 'ALA_MOR_0004', -18.2059268951416, 48.3119163513183, 'Andaingo'),
(278, 'ANM_AMB_0009', -18.7856674194335, 47.4673881530761, 'Ivato2'),
(279, 'DIA_NOS_0009', -13.3205080032348, 48.1859817504882, 'NosyBeBemoko'),
(280, 'ALA_MOR_0005', -18.8440551757812, 48.3079452514648, 'Ambatovy'),
(281, 'ALA_AMB_0002', -18.0017509460449, 48.5327720642089, 'Didy'),
(282, 'AMO_ABS_0003', -20.5302505493164, 47.2101097106933, 'Antety'),
(283, 'DIA_URB_0008', -12.3261394500732, 49.2941932678222, 'DiegoScamaConcasseur'),
(284, 'ALA_AMB_0003', -17.8223896026611, 48.4223899841308, 'AmbatoMadioTsifafana'),
(285, 'ANM_SUD_0013', -18.8948707580566, 47.4820556640625, 'TanaMarobiby'),
(286, 'ANM_AMB_0010', -18.630350112915, 47.2888031005859, 'Lohavohitra'),
(287, 'ATS_RUR_0005', -18.2022857666015, 49.365550994873, 'TamataveSherritt'),
(288, 'ANM_REN_0060', -18.8605136871337, 47.5345954895019, 'TanaAndrohibe'),
(289, 'ANM_AMB_0011', -18.8520221710205, 47.4723739624023, 'TanaAndranoro'),
(290, 'ATS_URB_0011', -18.1287498474121, 49.3987503051757, 'TamaAmbohijafy'),
(291, 'ATS_URB_0012', -18.1520252227783, 49.4109268188476, 'TamaFlamboyant'),
(292, 'ANJ_FEN_0002', -17.3813304901123, 49.4146842956542, 'FeneriveEst2'),
(293, 'ANM_REN_0061', -18.9053287506103, 47.5101280212402, '67HaNordEst'),
(294, 'ATS_RUR_0006', -17.6833057403564, 49.5128059387207, 'Foulpointe'),
(295, 'BOE_URB_0009', -15.7063102722167, 46.3327445983886, 'MajungaTsararano'),
(296, 'IHO_IHO_0005', -22.4791393280029, 45.6061668395996, 'Andiolava'),
(297, 'AAN_RUR_0005', -23.1292495727539, 44.1211395263671, 'Andranovory'),
(298, 'IHO_IHO_0006', -22.7746391296386, 45.022777557373, 'ColDeTapia'),
(299, 'ANM_REN_0062', -18.9201393127441, 47.5329208374023, 'TanaAndafiavaratra'),
(300, 'ANM_REN_0063', -18.9102210998535, 47.545970916748, 'FortDuchesne'),
(301, 'AAN_RUR_0006', -23.3569984436035, 43.8537254333496, 'Ankororoky'),
(302, 'AAN_SAK_0003', -22.9257774353027, 44.353889465332, 'Mahaboboka'),
(303, 'AAN_SAK_0002', -22.8252220153808, 44.7339210510253, 'Zombitse'),
(304, 'BOE_AMB_0003', -16.3168048858642, 47.3080558776855, 'Andoany'),
(305, 'BOE_MAR_0003', -16.1060562133789, 46.6422500610351, 'MarovoayMorafeno'),
(306, 'IHO_IHO_0007', -22.1477508544921, 46.3615570068359, 'Zazafotsy'),
(307, 'MAT_AMB_0002', -21.9337215423583, 46.6869163513183, 'Ankaramena'),
(308, 'AAN_URB_0005', -23.3557224273681, 43.6666679382324, 'TulearCentre'),
(309, 'BOE_MAR_0004', -15.8906698226928, 46.5619163513183, 'Berivotra'),
(310, 'ANM_SUD_0014', -18.9556102752685, 47.5184440612792, 'Forello'),
(311, 'SOF_ANA_0004', -14.8374443054199, 47.3450546264648, 'Masiloka'),
(312, 'DIA_ABL_0001', -13.1963329315185, 49.0478630065917, 'Ambilobe'),
(313, 'DIA_ABL_0002', -12.9116201400756, 48.9640922546386, 'Ankarana'),
(314, 'ATS_VAT_0002', -19.1571063995361, 48.8620567321777, 'Afaho'),
(315, 'ATS_BRI_0004', -18.9602642059326, 48.959846496582, 'Antsapanana'),
(316, 'ATS_BRI_0005', -18.5909175872802, 49.0698051452636, 'Ambinaninony'),
(317, 'ATS_RUR_0007', -18.3520812988281, 49.2019615173339, 'Ambodiboanara'),
(318, 'AMO_ABS_0004', -20.7924785614013, 47.162799835205, 'Ambalamanakana'),
(319, 'AMO_ABS_0005', -20.2555561065673, 47.0872230529785, 'Ambohimanjaka'),
(320, 'BET_MAE_0004', -16.6996116638183, 47.0727500915527, 'Ambalanjanakomby'),
(321, 'BET_MAE_0005', -17.8431396484375, 47.0252494812011, 'Marotsipoy'),
(322, 'ANM_ANK_0002', -18.0345840454101, 47.1548614501953, 'Tsaravao'),
(323, 'BET_MAE_0006', -17.1678619384765, 46.8704986572265, 'Tsangambato'),
(324, 'ANM_SUD_0015', -18.9395561218261, 47.4783325195312, 'Ampitatafika2'),
(325, 'FIT_MAN_0002', -22.1321239471435, 47.9897384643554, 'ManakaraMahatsinjoriaka'),
(326, 'VAT_MJR_0002', -21.225694656372, 48.3400001525878, 'MananjaryAntanambao'),
(327, 'MAT_AMB_0003', -21.7339725494384, 46.9601669311523, 'Vatoavo'),
(328, 'ANM_ANK_0003', -18.4523868560791, 47.1603279113769, 'Ambohitromby'),
(329, 'VAT_MJR_0003', -21.4117717742919, 48.0477981567382, 'Antsenavolo'),
(330, 'ALA_MOR_0006', -18.8597774505615, 47.9813346862792, 'Anjiro'),
(331, 'ATS_BRI_0006', -18.9613056182861, 48.7012786865234, 'Ampasimbe'),
(332, 'ALA_MOR_0007', -18.9615001678466, 48.5841674804687, 'Beforona'),
(333, 'ATS_BRI_0007', -18.7994441986083, 49.0891952514648, 'Brickaville2'),
(334, 'ANM_MAN_0005', -18.9211387634277, 47.8999710083007, 'Mandraka'),
(335, 'MAT_LAL_0002', -21.3697338104248, 47.2711143493652, 'Sahambavy'),
(336, 'ALA_MOR_0008', -18.9088611602783, 48.4201927185058, 'Andasibe'),
(337, 'ANM_SUD_0016', -18.9186668395996, 47.4875831604003, 'TanaAmbaniala'),
(338, 'ALA_ANO_0001', -19.4228057861328, 48.1926651000976, 'AnosibeAnala'),
(339, 'ATS_VAT_0003', -19.5370826721191, 48.8504180908203, 'IlakaEst'),
(340, 'ATS_MAH_0002', -20.1358451843261, 48.6707496643066, 'Masomeloka'),
(341, 'VAT_NOS_0001', -20.5951671600341, 48.5256652832031, 'NosyVarika'),
(342, 'AAT_VAN_0002', -24.0175285339355, 47.4329986572265, 'Befasy'),
(343, 'ANO_TAO_0006', -24.2817497253417, 47.3051681518554, 'Manantenina'),
(344, 'ANO_TAO_0007', -24.6037502288818, 47.2093048095703, 'Antsotso'),
(345, 'VAK_MAN_0003', -19.6114997863769, 45.9941673278808, 'AnjomaRamartine'),
(346, 'ANO_TAO_0008', -24.7936382293701, 47.1023063659667, 'Mahatalaky'),
(347, 'MEN_MIA_0002', -20.011568069458, 45.5365333557128, 'Ambatolahy'),
(348, 'MEN_MIA_0003', -19.777639389038, 45.5285263061523, 'Ankotrofotsy'),
(349, 'MEN_MAH_0003', -20.3890552520751, 45.4946403503417, 'Bepaha'),
(350, 'ANO_TAO_0009', -25.0775279998779, 46.7274436950683, 'Ranopiso'),
(351, 'MEN_MAH_0004', -20.3573894500732, 45.0151672363281, 'Ankilizato'),
(352, 'ANO_AMB_0002', -24.1001663208007, 46.0370254516601, 'Tsivory'),
(353, 'MEN_MIA_0004', -18.3433055877685, 45.0085563659667, 'Tsimiroro'),
(354, 'SAV_VOH_0006', -13.8581666946411, 49.9478874206542, 'Ampanefena'),
(355, 'ITA_SOA_0002', -19.0547504425048, 46.7323875427246, 'Ampefy'),
(356, 'MAT_MAH_0002', -21.0753879547119, 47.2156372070312, 'Ialatsara'),
(357, 'BON_TSI_0002', -18.8828697204589, 46.2054138183593, 'Ambohiby'),
(358, 'DIA_NOS_0010', -13.3988218307495, 48.2780151367187, 'NosyBeAmbodivanio'),
(359, 'AAN_RUR_0007', -23.5383892059326, 43.7607231140136, 'StAugustin'),
(360, 'DIA_URB_0009', -12.2832221984863, 49.3015556335449, 'DiegoLazaret'),
(361, 'DIA_RUR_0004', -12.7258052825927, 48.9479713439941, 'Mosorolava'),
(362, 'AAN_BET_0001', -23.7268333435058, 44.4668350219726, 'Betioky'),
(363, 'AAN_BET_0002', -23.7217502593994, 44.0463600158691, 'AnkazomangaSud'),
(364, 'AAN_BET_0003', -23.4871387481689, 44.4963340759277, 'Bezaha'),
(365, 'AAN_AMP_0002', -24.3675842285156, 44.5380554199218, 'Ejeda'),
(366, 'ANM_AMB_0012', -18.7502498626708, 47.3466110229492, 'MahitsyVille'),
(367, 'AAN_AMP_0003', -24.9886951446533, 44.154556274414, 'Androka'),
(368, 'AND_AMB_0002', -25.2499160766601, 45.8219184875488, 'Ambondro'),
(369, 'AND_BEL_0002', -25.4221935272216, 44.9682502746582, 'Lavanono'),
(370, 'AND_TSI_0002', -25.5033340454101, 45.5115013122558, 'FauxCap'),
(371, 'BET_TSA_0002', -16.8039722442626, 47.5258903503417, 'Bekapaika'),
(372, 'ANM_AMB_0013', -18.8330001831054, 47.4687004089355, 'AntanetibeIvato'),
(373, 'BET_TSA_0003', -17.7732505798339, 47.5823059082031, 'Beampody'),
(374, 'ANM_ANJ_0003', -18.3496665954589, 47.5337486267089, 'Antanetibe'),
(375, 'BET_TSA_0004', -17.3861942291259, 47.5144462585449, 'Andriamena'),
(376, 'ANM_REN_0064', -18.9288616180419, 47.5575828552246, 'Ambohipo2'),
(377, 'ANM_AND_0004', -19.3241386413574, 47.6813888549804, 'AlatsinainyBakaro'),
(378, 'BOE_MAR_0005', -16.2444992065429, 46.5923881530761, 'MarovoayTsararano'),
(379, 'DIA_ABL_0003', -13.2295894622802, 49.0431594848632, 'AmbilobeBB'),
(380, 'ANM_AMB_0014', -18.8649425506591, 47.4435539245605, 'Ambohitrimanjaka'),
(381, 'ANM_SUD_0017', -18.9631385803222, 47.4583320617675, 'Ambodiafontsy'),
(382, 'BON_FEN_0002', -18.6924724578857, 46.85347366333, 'Firavahana'),
(383, 'ANO_TAO_0010', -24.4903335571289, 46.986831665039, 'RanomafanaSud'),
(384, 'DIA_ABL_0004', -13.3445281982421, 48.8311119079589, 'Andranotsara'),
(385, 'DIA_RUR_0005', -12.6335000991821, 49.3556098937988, 'Sadjoavato'),
(386, 'DIA_ABJ_0004', -13.8898334503173, 48.2188873291015, 'Miarena'),
(387, 'ATS_RUR_0008', -17.8408603668212, 49.46577835083, 'Sahafohy'),
(388, 'ANJ_FEN_0003', -17.361083984375, 49.3292236328125, 'Vohidrazana'),
(389, 'SOF_ANA_0005', -14.4331941604614, 48.0107765197753, 'Ampitolovana'),
(390, 'SOF_ANA_0006', -14.0599164962768, 48.1084175109863, 'Anadroadro'),
(391, 'SOF_MAM_0002', -16.0863895416259, 47.4937782287597, 'Antsorolava'),
(392, 'SOF_MAM_0003', -15.8808059692382, 47.6206398010253, 'Masiadambo'),
(393, 'SOF_BOR_0002', -15.5999851226806, 47.6131896972656, 'PortBergerBB'),
(394, 'SAV_ANT_0004', -15.2795829772949, 50.4693870544433, 'Ambohitralanana'),
(395, 'ANM_NOR_0011', -18.9023609161376, 47.6471939086914, 'Ambohimalaza'),
(396, 'BOE_RUR_0003', -15.5831670761108, 46.4496955871582, 'MajungaAntsanitia'),
(397, 'ANM_AMB_0015', -18.7938652038574, 47.4240531921386, 'Golf2'),
(398, 'DIA_RUR_0006', -12.2665834426879, 49.3511123657226, 'DiegoRamena'),
(399, 'AAN_URB_0006', -23.3414726257324, 43.6680564880371, 'TulearAndaboly'),
(400, 'AAN_RUR_0008', -23.6415557861328, 43.6555557250976, 'Anakao'),
(401, 'ANM_REN_0065', -18.9064006805419, 47.5256042480468, 'TanaAnalakely'),
(402, 'ANM_NOR_0012', -18.8512229919433, 47.5581665039062, 'TanaIlafy'),
(403, 'ANM_SUD_0018', -19.0021381378173, 47.5367240905761, 'TanaIavoloha'),
(404, 'ATS_RUR_0009', -18.0654716491699, 49.1213073730468, 'Ambodilazana'),
(405, 'ALA_AMP_0003', -17.4111385345458, 48.3739166259765, 'AlaotraAmbohijanahary'),
(406, 'BON_TSI_0003', -18.5333881378173, 45.8160285949707, 'Fierenana'),
(407, 'MEL_MOR_0002', -18.1967506408691, 45.2653350830078, 'Beravina'),
(408, 'BOE_MIT_0002', -15.9194164276123, 45.8326950073242, 'Namakia'),
(409, 'MEL_MOR_0003', -17.8252506256103, 44.9961929321289, 'Morafenobe2'),
(410, 'MEL_MOR_0004', -17.8831119537353, 44.5695571899414, 'Ampiketrahana'),
(411, 'MEL_MAI_0001', -18.0575008392333, 44.033390045166, 'Maintirano'),
(412, 'SAV_ANT_0005', -14.6346387863159, 50.105110168457, 'Ambinanifaho'),
(413, 'ITA_ARI_0005', -19.0153064727783, 47.1811370849609, 'Arivonimamo2'),
(414, 'BOE_URB_0010', -15.7120304107666, 46.3702125549316, 'MajungaBelobaka'),
(415, 'VAK_URB_0008', -19.8793106079101, 47.008689880371, 'AntsirabeIvohitra'),
(416, 'ATS_URB_0013', -18.1447620391845, 49.4096908569335, 'TamaTanamakoa'),
(417, 'MEL_AMB_0001', -17.702444076538, 45.6907730102539, 'Ambatomainty'),
(418, 'ANM_SUD_0019', -18.9544334411621, 47.5231094360351, 'TanaTanjombato'),
(419, 'DIA_URB_0010', -12.2767782211303, 49.2907791137695, 'DiegoCentre'),
(420, 'ANM_MAN_0006', -19.0879173278808, 47.7476387023925, 'Ambohitrandriamanitra'),
(421, 'MAT_MAH_0003', -20.953556060791, 47.1573066711425, 'CampRobin'),
(422, 'MAT_VOH_0001', -21.6266117095947, 47.1814155578613, 'AlakamisyItenina'),
(423, 'MAT_ISA_0001', -21.3341388702392, 46.9036674499511, 'Isorana'),
(424, 'ANM_NOR_0013', -18.7638339996337, 47.5332794189453, 'TanaAmboatany'),
(425, 'MAT_IKA_0001', -21.1763896942138, 46.6346092224121, 'Ikalamavony'),
(426, 'VAK_ANT_0004', -19.5240840911865, 47.4271392822265, 'Ambohimandroso2'),
(427, 'DIA_RUR_0007', -12.4677782058715, 49.407470703125, 'Mahavanona'),
(428, 'DIA_ABL_0005', -13.1746387481689, 49.22847366333, 'Betsiaka'),
(429, 'SAV_ANT_0006', -15.007788658142, 50.3046951293945, 'AntalahaAntsirabato'),
(430, 'AAN_RUR_0009', -23.1329441070556, 43.6177787780761, 'MangilyIfaty'),
(431, 'SAV_AND_0002', -14.548222541809, 49.6981925964355, 'Ambatosoratra'),
(432, 'ALA_AMP_0004', -17.75927734375, 48.1746406555175, 'MoraranoChrome'),
(433, 'VAK_FAR_0002', -19.5499992370605, 46.9500007629394, 'Vinaninony'),
(434, 'SAV_AND_0003', -14.5816392898559, 49.517333984375, 'Ambodiangezoka'),
(435, 'SAV_SAM_0006', -14.1399164199829, 49.800609588623, 'Amboahangibe'),
(436, 'BOE_URB_0011', -15.7154998779296, 46.3009185791015, 'MajungaLaCorniche'),
(437, 'ANM_MAN_0007', -18.6184158325195, 47.7033042907714, 'Sadabe'),
(438, 'ANM_REN_0066', -18.875, 47.5192260742187, 'TanaLaCity'),
(439, 'ALA_MOR_0009', -18.4337501525878, 48.2878036499023, 'AmboasaryGara'),
(440, 'BON_TSI_0004', -19.1664447784423, 46.3041381835937, 'Mahasolo'),
(441, 'ITA_MIA_0004', -18.9971389770507, 47.0335807800292, 'Soamahamanina'),
(442, 'AMO_ABS_0006', -20.4558200836181, 47.2109107971191, 'Tsarasaotra'),
(443, 'DIA_ABL_0006', -13.5003080368041, 48.8109283447265, 'Anaborano'),
(444, 'MEN_MOR_0004', -20.1340389251708, 44.5506248474121, 'Marofandilia'),
(445, 'VAK_ANT_0005', -19.8194103240966, 47.5697364807128, 'Ambohitompoina'),
(446, 'ANM_ANJ_0004', -18.5900001525878, 47.8631401062011, 'Mangamila'),
(447, 'MEN_MIA_0005', -19.6082229614257, 45.6174736022949, 'Ankiranomena'),
(448, 'AAT_VAN_0003', -23.8002643585205, 47.5447731018066, 'Manambondro'),
(449, 'AAT_FAR_0002', -22.8106002807617, 47.5338096618652, 'Ambohigogo'),
(450, 'DIA_URB_0011', -12.2885274887084, 49.2813606262207, 'DiegoMangarivotra'),
(451, 'ANM_MAN_0008', -18.9139881134033, 47.7001113891601, 'Carion'),
(452, 'BET_MAE_0007', -16.7605285644531, 47.0471649169921, 'Berivotra5sur5'),
(453, 'AMO_ABF_0002', -20.3848667144775, 46.9123229980468, 'Soavina'),
(454, 'ANM_REN_0067', -18.9209270477294, 47.5035514831542, 'TanaAnosipatrana'),
(455, 'ATS_RUR_0010', -17.951150894165, 49.4348793029785, 'Ambodiatafana'),
(456, 'ATS_URB_0014', -18.1754608154296, 49.3917388916015, 'TamaManangareza'),
(457, 'ATS_BRI_0008', -18.7522220611572, 48.9776878356933, 'AnivoranoEst'),
(458, 'DIA_NOS_0011', -13.3938808441162, 48.2688102722167, 'NosyBeAmbonara'),
(459, 'DIA_ABJ_0005', -13.798861503601, 48.3596954345703, 'Djangoa'),
(460, 'BOE_RUR_0004', -15.6434249877929, 46.349739074707, 'MajungaGrandPavois'),
(461, 'SAV_SAM_0007', -14.255220413208, 50.1570510864257, 'Sambava5'),
(462, 'VAK_URB_0009', -19.8886394500732, 47.0414428710937, 'AntsirabeAmbohimena'),
(463, 'ANM_NOR_0014', -18.9394645690917, 47.6601371765136, 'Anjeva'),
(464, 'SOF_ANT_0003', -14.8891859054565, 47.9974822998046, 'AntsohihyAeroport'),
(465, 'VAK_RUR_0003', -19.8282089233398, 47.0428047180175, 'AntsirabeAmpataka'),
(466, 'ATS_RUR_0011', -18.1193332672119, 49.3867797851562, 'TamaBarikadimy'),
(467, 'MEN_MOR_0005', -20.2928619384765, 44.3470268249511, 'MorondavaBemanonga'),
(468, 'AAN_RUR_0010', -22.9573307037353, 43.5633888244628, 'Ankilimalinika'),
(469, 'AAN_RUR_0012', -22.4596691131591, 43.6800804138183, 'Analamisampy'),
(470, 'AAN_MOR_0004', -22.2452507019042, 43.7675285339355, 'Antanimieva'),
(471, 'AAN_MOR_0003', -21.8509998321533, 43.8579444885253, 'Bevoay'),
(472, 'AAN_RUR_0011', -23.2247009277343, 43.6241111755371, 'Tsingorotelo'),
(473, 'MEN_MAN_0002', -21.7033615112304, 43.8854103088378, 'Ankiliabo'),
(474, 'AAN_MOR_0005', -22.0968608856201, 43.8908348083496, 'BefandrianaSud'),
(475, 'AAN_MOR_0006', -22.066499710083, 43.2465705871582, 'Andavadoaka'),
(476, 'MEN_MAN_0003', -21.1026668548583, 44.2196922302246, 'Soaserana'),
(477, 'MEN_MAN_0004', -21.4053707122802, 44.5032615661621, 'Anotsibe'),
(478, 'MEN_MAH_0005', -21.1836948394775, 44.7599182128906, 'Marerano'),
(479, 'MEN_MAH_0006', -21.0487003326416, 44.9355583190917, 'Mandabe'),
(480, 'AAN_ANK_0001', -22.4021492004394, 44.5223693847656, 'AnkazoaboSud'),
(481, 'MEN_MOR_0006', -20.5768337249755, 44.364387512207, 'BefasyPicom'),
(482, 'MEN_MAH_0007', -20.9096603393554, 45.0490570068359, 'Beronono'),
(483, 'MEN_MOR_0007', -20.1614437103271, 44.432445526123, 'AndranomenaPicom'),
(484, 'SAV_SAM_0008', -14.1532497406005, 50.084415435791, 'Bemanevika'),
(485, 'MEN_BEL_0002', -19.9305801391601, 44.5972366333007, 'BerobokaPicom'),
(486, 'AAN_MOR_0007', -21.4204444885253, 43.5908050537109, 'Antongo'),
(487, 'MEN_BEL_0004', -19.6112995147705, 44.5420989990234, 'BeloTsiribihinaPicom'),
(488, 'MEN_BEL_0003', -19.3330097198486, 44.6733283996582, 'Tsasampa'),
(489, 'MEL_ANT_0001', -19.138385772705, 44.7973823547363, 'Bekopaka'),
(490, 'SAV_SAM_0009', -14.4130001068115, 49.9383316040039, 'Analanambe'),
(491, 'MEL_MAI_0004', -17.902660369873, 44.1296691894531, 'Andrea'),
(492, 'MEL_MAI_0003', -18.3811092376708, 44.2552795410156, 'Ankilifito'),
(493, 'MEL_MAI_0002', -18.2342796325683, 44.1538009643554, 'Ankisatra'),
(494, 'MEL_ANT_0004', -18.6620903015136, 44.5960617065429, 'AntsalovaPicom'),
(495, 'MEL_ANT_0003', -18.558250427246, 44.4162483215332, 'Bemonto'),
(496, 'MEL_ANT_0002', -18.6737785339355, 44.2101936340332, 'Soahany'),
(497, 'MEL_MAI_0005', -17.3284492492675, 44.2515983581542, 'Manaritoka'),
(498, 'IHO_IHO_0008', -22.3164291381835, 46.457290649414, 'Sakalalina'),
(499, 'MEL_BES_0002', -16.9788608551025, 44.582778930664, 'MarovoaySud'),
(500, 'BOE_SOA_0003', -16.1510486602783, 45.5678405761718, 'Ambodimanary'),
(501, 'BOE_SOA_0002', -16.2135791778564, 45.2779388427734, 'Amboroka'),
(502, 'BOE_MIT_0003', -16.1096000671386, 45.729881286621, 'Maroambay'),
(503, 'BOE_URB_0012', -15.7140827178955, 46.3514747619628, 'MajungaMSC'),
(504, 'VAT_MJR_0004', -21.2306671142578, 48.3063316345214, 'MananjaryBB'),
(505, 'AMO_FAN_0002', -20.2351665496826, 47.4824180603027, 'Miarinavaratra'),
(506, 'AMO_FAN_0003', -20.3727779388427, 47.2770843505859, 'Sandrandahy'),
(507, 'AAT_VAN_0004', -23.5261936187744, 47.5687217712402, 'Matanga'),
(508, 'BOE_MIT_0005', -15.9612197875976, 46.091739654541, 'Analatelo'),
(509, 'BOE_MIT_0004', -15.7843704223632, 46.1963310241699, 'Katsepy'),
(510, 'MEL_MAI_0006', -17.5061893463134, 43.9537696838378, 'Tambohorano'),
(511, 'ANM_REN_0068', -18.9096050262451, 47.508544921875, '67HaSudEst'),
(512, 'MEN_MOR_0008', -20.7380409240722, 44.0027389526367, 'BeloSurMer'),
(513, 'VAT_MJR_0005', -20.8106384277343, 48.2740821838378, 'Andrasanga'),
(514, 'VAT_NOS_0002', -20.7707996368408, 48.480411529541, 'Ambahy'),
(515, 'VAT_MJR_0006', -20.9657192230224, 48.4413032531738, 'Mahela'),
(516, 'MAT_AMB_0004', -22.1023616790771, 47.0598602294921, 'MiarinarivoPicom'),
(517, 'MAT_LAL_0003', -21.5311107635498, 47.2796669006347, 'Tataho'),
(518, 'AAT_FAR_0003', -22.6744594573974, 47.6819992065429, 'Mahafasa'),
(519, 'AAN_MOR_0008', -21.7057495117187, 43.741470336914, 'Angarazy'),
(520, 'IHO_IVO_0001', -22.3281116485595, 46.7916374206542, 'Antambohobe'),
(521, 'ANM_REN_0069', -18.8844375610351, 47.5235252380371, 'Tour'),
(522, 'VAT_MJR_0007', -21.0897407531738, 47.9914588928222, 'VohilavaPicom'),
(523, 'VAT_MJR_0008', -21.5564308166503, 47.8588981628417, 'Vatohandrina'),
(524, 'AAT_VON_0002', -22.3012294769287, 47.1855583190917, 'Maroteza'),
(525, 'FIT_MAN_0003', -22.1959991455078, 47.7279396057128, 'Ambalatenina'),
(526, 'FIT_MAN_0004', -21.9951438903808, 47.780532836914, 'Vinanitelo'),
(527, 'FIT_IKO_0001', -21.9054164886474, 47.4150009155273, 'Ikongo'),
(528, 'FIT_MAN_0005', -21.6645832061767, 47.5965843200683, 'Manampatrana'),
(529, 'ATS_ANT_0001', -19.5026397705078, 48.5621681213378, 'AntanambaoManampotsy'),
(530, 'MAT_LAL_0004', -21.4124221801757, 47.1728591918945, 'FianaraAmbalakely'),
(531, 'MAT_URB_0005', -21.4714164733886, 47.0834999084472, 'FianaraAmbanimaso'),
(532, 'AAN_RUR_0013', -22.586721420288, 43.2965278625488, 'SalaryBay'),
(533, 'AAN_RUR_0014', -22.8694725036621, 43.3975296020507, 'Tsifota'),
(534, 'VAT_MJR_0009', -21.3909435272216, 47.8448600769042, 'Kianjavato'),
(535, 'BON_TSI_0005', -18.7644157409667, 46.5160293579101, 'Ambalanirana'),
(536, 'ANM_REN_0070', -18.910680770874, 47.5319099426269, 'Faravohitra2'),
(537, 'DIA_ABJ_0006', -13.8579998016357, 48.4663887023925, 'BemanevikaAmbanja'),
(538, 'DIA_ABJ_0007', -13.9998054504394, 48.5972518920898, 'MarotolanaAmbanja'),
(539, 'VAT_NOS_0003', -20.4440193176269, 48.3058204650878, 'FiadananaPicom'),
(540, 'AMO_ABS_0007', -20.6924648284912, 47.5543594360351, 'Ambinanindrano'),
(541, 'VAT_IFA_0003', -20.723777770996, 47.7836380004882, 'Maroharatra'),
(542, 'DIA_NOS_0012', -13.3718795776367, 48.1896591186523, 'NosyBeDzamandzar'),
(543, 'DIA_NOS_0013', -13.3221101760864, 48.2285537719726, 'NosyBeMontpassot'),
(544, 'DIA_RUR_0008', -12.3194723129272, 49.3282203674316, 'DiegoRouteRamena'),
(545, 'DIA_URB_0012', -12.2804613113403, 49.2799263000488, 'DiegoSecren'),
(546, 'ALA_AMB_0004', -17.9763603210449, 48.0808334350585, 'Soalazaina'),
(547, 'ALA_AND_0002', -16.9394721984863, 48.4929161071777, 'Antanimenabaka'),
(548, 'DIA_ABJ_0008', -13.5581111907958, 48.3549423217773, 'AmbanjaAnkify'),
(549, 'DIA_ABJ_0009', -13.6515998840332, 48.4511070251464, 'AmbanjaAmparankova'),
(550, 'ATS_RUR_0012', -18.1926193237304, 49.3424797058105, 'TamaMarovato'),
(551, 'ANJ_FEN_0004', -17.0879440307617, 49.4802780151367, 'AmpasimbeManasatrana'),
(552, 'SAV_SAM_0010', -14.2598752975463, 50.1427955627441, 'SambavaAnalamandrorofo'),
(553, 'SAV_SAM_0011', -14.4631662368774, 50.0496940612792, 'Marojala'),
(554, 'DIA_ABL_0007', -13.1891937255859, 49.0572319030761, 'Ambilobe3'),
(555, 'DIA_RUR_0009', -12.7425832748413, 49.2309455871582, 'AnivoranoNord'),
(556, 'SAV_SAM_0012', -14.5212774276733, 49.8610000610351, 'Maroambihy'),
(557, 'DIA_NOS_0015', -13.4013891220092, 48.3322792053222, 'NosyBeLokobe'),
(558, 'SAV_AND_0004', -14.5454998016357, 49.5543060302734, 'AndapaAmbalamanasy'),
(559, 'ANJ_STM_0005', -16.9390277862548, 49.8588600158691, 'SainteMarieBB'),
(560, 'AAT_FAR_0004', -22.8194980621337, 47.8292655944824, 'Farafangana2'),
(561, 'DIA_RUR_0010', -12.341851234436, 49.2946548461914, 'DiegoAeroport'),
(562, 'ANM_REN_0071', -18.9016208648681, 47.5336074829101, 'TanaRasalama'),
(563, 'ANJ_MAN_0002', -16.3410568237304, 49.6413078308105, 'Sandrakatsy'),
(564, 'SAV_SAM_0013', -14.2691850662231, 50.102237701416, 'SambavaSoavinandriana'),
(565, 'SAV_ANT_0007', -14.9136772155761, 50.2885665893554, 'AntalahaAnkoalabe'),
(566, 'ANM_REN_0072', -18.9057312011718, 47.5204772949218, 'Tsaralalana'),
(567, 'ANM_SUD_0020', -18.9087924957275, 47.4754295349121, 'ItaosyCite'),
(568, 'MEN_MOR_0009', -19.9771575927734, 44.605167388916, 'Beroboka'),
(569, 'ANJ_MAN_0003', -16.4631938934326, 49.849609375, 'AntanambeBBNord'),
(570, 'ANM_REN_0073', -18.8735828399658, 47.5313606262207, 'IvandryLaTerrasse'),
(571, 'ATS_URB_0015', -18.1347103118896, 49.3994102478027, 'TamaValpinson'),
(572, 'ATS_RUR_0014', -18.136360168457, 49.3577995300292, 'TamaFarafaty'),
(573, 'ATS_RUR_0013', -18.1196594238281, 49.4029693603515, 'TamaSalazamayNord'),
(574, 'ATS_BRI_0009', -18.8466682434082, 49.1489486694335, 'AmbilaLemaitso'),
(575, 'ANJ_SOA_0002', -16.918550491333, 49.5859184265136, 'SoanieranaIvongo2'),
(576, 'AAN_URB_0007', -23.3565845489501, 43.6741371154785, 'TulearSoatalily'),
(577, 'VAK_URB_0010', -19.8547687530517, 47.0289688110351, 'AntsirabeMahazoarivo'),
(578, 'VAK_URB_0001', -19.8418407440185, 47.0389328002929, 'AntsirabeVatofotsy'),
(579, 'SAV_ANT_0008', -14.6651334762573, 50.2083168029785, 'Andrapengy'),
(580, 'ANM_SUD_0021', -18.9097652435302, 47.4663276672363, 'TanaAndohatanjona'),
(581, 'ANM_NOR_0015', -18.8070812225341, 47.5747299194335, 'TanaAnosyAvaratra'),
(582, 'SAV_AND_0005', -14.6601133346557, 49.6509819030761, 'AndapaAnkevaheva'),
(583, 'VAK_URB_0011', -19.8732681274414, 47.0413017272949, 'AntsirabeTsarasaotra'),
(584, 'DIA_ABL_0008', -13.0905609130859, 48.9058380126953, 'AnkaranaSirama'),
(585, 'AMO_ABS_0008', -20.6149444580078, 47.1749877929687, 'IvatoCentre'),
(586, 'DIA_NOS_0016', -13.3988332748413, 48.2573776245117, 'NosyBeNordVigie'),
(587, 'ANM_AMB_0016', -18.763967514038, 47.4096031188964, 'Ambohitrandraina'),
(588, 'ANM_NOR_0016', -18.9002933502197, 47.6110038757324, 'TanaAmbohimangakely'),
(589, 'ATS_RUR_0015', -18.1988887786865, 49.3516387939453, 'TamaSherritt2'),
(590, 'DIA_NOS_0017', -13.3906106948852, 48.2060546875, 'NosyBeDarEsSalam'),
(591, 'BOE_URB_0013', -15.7007780075073, 46.3349266052246, 'MajungaAmbondrona'),
(592, 'ANM_REN_0074', -18.9478721618652, 47.5295600891113, 'TanaAlhambra'),
(593, 'SOF_MAM_0004', -15.8059701919555, 47.63911819458, 'Tsarahasina'),
(594, 'SOF_BEA_0002', -14.4584169387817, 48.9512481689453, 'Ambatoriha'),
(595, 'ALA_MOR_0010', -18.6441326141357, 48.2811126708984, 'Morarano'),
(596, 'IHO_IHO_0009', -22.6748065948486, 45.3314094543457, 'RelaisdelaReine'),
(597, 'AAT_VAN_0005', -23.629201889038, 47.5943870544433, 'Masihanaka'),
(598, 'SAV_ANT_0009', -14.8771800994873, 50.2624282836914, 'AntalahaAmbinany'),
(599, 'SAV_ANT_0010', -15.1354331970214, 50.4073982238769, 'Andratany'),
(600, 'SAV_SAM_0014', -14.180097579956, 49.8558883666992, 'Marogaona'),
(601, 'SAV_VOH_0007', -13.5839118957519, 49.9877204895019, 'Fanambana'),
(602, 'ANO_TAO_0011', -25.0167999267578, 46.979679107666, 'FortDauphinAmparihy'),
(603, 'BOE_AMB_0004', -16.4408359527587, 46.5450553894042, 'Madirovalo'),
(604, 'ANM_AMB_0017', -18.8153324127197, 47.4835014343261, 'TanaIvatoHorizon'),
(605, 'ANJ_SOA_0003', -16.6678047180175, 49.7490005493164, 'ManompanaBBNord'),
(606, 'ANM_ANJ_0005', -18.0734176635742, 47.8229446411132, 'AmparatanjonaLC'),
(607, 'ANM_ANJ_0006', -18.1841392517089, 47.8883323669433, 'BetataoLC'),
(608, 'VAK_RUR_0004', -20.0572776794433, 46.9959716796875, 'Ibity'),
(609, 'DIA_ABJ_0010', -13.6807823181152, 48.4556846618652, 'AmbanjaCentre'),
(610, 'ANM_REN_0075', -18.9295272827148, 47.5229187011718, 'FortVoyron'),
(611, 'ANM_AMB_0018', -18.8337650299072, 47.4919090270996, 'TanaAntehiroka'),
(612, 'DIA_URB_0013', -12.2896966934204, 49.2901763916015, 'DiegoRouteBezara'),
(613, 'ANM_AMB_0019', -18.8158740997314, 47.4758872985839, 'TanaIvatoCCI'),
(614, 'ITA_ARI_0006', -19.1039714813232, 47.2061653137207, 'Ampahimanga'),
(615, 'VAK_RUR_0005', -20.1247997283935, 47.0878524780273, 'Sahanivotry'),
(616, 'SAV_ANT_0011', -14.7758655548095, 50.2264251708984, 'Ampahana'),
(617, 'SAV_ANT_0012', -14.8534717559814, 50.1678314208984, 'Antsahanoro'),
(618, 'SAV_SAM_0015', -13.996277809143, 50.1193618774414, 'TanambaoDaoud'),
(619, 'SAV_VOH_0008', -13.5741672515869, 49.8057518005371, 'Milanoa'),
(620, 'SAV_VOH_0009', -14.0055284500122, 49.8594436645507, 'Belambo'),
(621, 'SAV_SAM_0016', -14.3574171066284, 49.9148902893066, 'Andratamarina'),
(622, 'FIT_MAN_0007', -21.7445831298828, 48.1013870239257, 'Ampasimanjeva'),
(623, 'IHO_IHO_0010', -22.3321914672851, 45.7164230346679, 'Satrokala'),
(624, 'SAV_VOH_0010', -13.849193572998, 49.8750572204589, 'Antsahavaribe'),
(625, 'ANM_REN_0076', -18.8905925750732, 47.4915390014648, 'TanaSiloDigue'),
(626, 'ATS_RUR_0016', -18.2046108245849, 49.3716659545898, 'TamaTapakala'),
(627, 'ANM_ANJ_0007', -17.9643878936767, 47.6934089660644, 'MarotsipoyLC'),
(628, 'ANM_AMB_0020', -18.7797222137451, 47.2720832824707, 'Farahantsana'),
(629, 'ATS_VAT_0004', -19.2414569854736, 48.9483985900878, 'Marovintsy'),
(630, 'DIA_NOS_0018', -13.3994998931884, 48.2716674804687, 'NosyBeSenganinga'),
(631, 'ANM_NOR_0017', -18.926212310791, 47.5893096923828, 'TanaBypass'),
(632, 'ALA_MOR_0011', -18.8668193817138, 48.2779312133789, 'AmbatovyPK5'),
(633, 'DIA_NOS_0019', -13.2627363204956, 48.1925964355468, 'NosyBeAndilana2'),
(634, 'ATS_RUR_0017', -18.2029094696044, 49.3650283813476, 'TamaSherrittIndoor'),
(635, 'ALA_MOR_0012', -18.8298530578613, 48.3123435974121, 'Ambatovy2'),
(636, 'ANM_NOR_0018', -18.8561496734619, 47.5482101440429, 'TanaIlafyAndafiavaratra'),
(637, 'VAK_RUR_0006', -19.6421661376953, 47.1370277404785, 'SambainaAmbohibary'),
(638, 'ANJ_MAR_0003', -15.421739578247, 49.7369689941406, 'MaroantsetraVille2'),
(639, 'ATS_RUR_0018', -18.1713619232177, 49.3115577697753, 'TamaTanandavaTailings'),
(640, 'AAN_AMP_0004', -25.1442508697509, 44.4650573730468, 'Ambalabe'),
(641, 'ANM_REN_0077', -18.9184436798095, 47.5516662597656, 'TanaAmbohidempona'),
(642, 'DIA_RUR_0011', -12.7316665649414, 48.9129180908203, 'Ecloserie'),
(643, 'VAK_URB_0012', -19.9336109161376, 47.0758323669433, 'AntsirabeAndranonahoatra'),
(644, 'ATS_URB_0016', -18.1572227478027, 49.3747215270996, 'TamaTsararivotra'),
(645, 'DIA_RUR_0012', -12.3450002670288, 49.1761093139648, 'Antsahampano'),
(646, 'ALA_MOR_0013', -18.9396114349365, 48.2057228088378, 'MoramangaAmbarilava'),
(647, 'DIA_RUR_0013', -12.5363893508911, 49.0891685485839, 'Andranofanjava'),
(648, 'ANM_AMB_0021', -18.8263339996337, 47.4596099853515, 'TanaMaibahoaka'),
(649, 'ANM_ANJ_0008', -18.3344440460205, 47.6775016784667, 'Ambatomanoina'),
(650, 'AAT_BEF_0002', -23.8453617095947, 46.9490547180175, 'BefotakaRelais'),
(651, 'ANO_TAO_0012', -25.0036659240722, 46.8024444580078, 'Manambaro'),
(652, 'VAK_ANT_0006', -19.9924449920654, 47.6437759399414, 'Antsampandrano'),
(653, 'ANM_REN_0078', -18.9392700195312, 47.5408515930175, 'TanaAmbohitsoa'),
(654, 'ANM_REN_0079', -18.8862018585205, 47.5223121643066, 'TanaAnkorondrano'),
(655, 'SAV_VOH_0011', -13.3840723037719, 50.0135040283203, 'VohemarFloribis'),
(656, 'ANM_SUD_0022', -18.9850215911865, 47.4113960266113, 'TanaVontovorona'),
(657, 'ANM_SUD_0023', -18.942943572998, 47.4651107788085, 'TanaAmbodiafontsy'),
(658, 'DIA_ABL_0009', -13.0286388397216, 48.5434989929199, 'Tsarabanjina'),
(659, 'ITA_MIA_0005', -19.0125999450683, 46.7321014404296, 'AmpefyAmbodiamontana'),
(660, 'ANM_AMB_0022', -18.6297225952148, 47.4899177551269, 'AmbatoLC'),
(661, 'SAV_SAM_0018', -14.2678890228271, 50.1334724426269, 'SambavaAntsirabe'),
(662, 'SAV_SAM_0017', -14.2636947631835, 50.1466407775878, 'SambavaBetsopaka'),
(663, 'SAV_SAM_0019', -14.185471534729, 50.039306640625, 'Nosiarina'),
(664, 'SAV_VOH_0012', -13.7614097595214, 49.9482803344726, 'Tsarabaria'),
(665, 'SAV_AND_0007', -14.6468887329101, 49.574779510498, 'AndapaAntsirandava'),
(666, 'SAV_AND_0006', -14.7097225189208, 49.6283340454101, 'AndapaMaherivaratra'),
(667, 'ANM_MAN_0009', -18.8587493896484, 47.720832824707, 'AnjepyLC'),
(668, 'SAV_SAM_0020', -14.2956666946411, 49.7728881835937, 'Andrahanjo'),
(669, 'SAV_AND_0008', -14.3981113433837, 49.4988059997558, 'Doany'),
(670, 'SAV_VOH_0013', -13.9544095993041, 49.9522895812988, 'AntsirabeNord2'),
(671, 'SAV_VOH_0014', -13.7302780151367, 49.4946937561035, 'Andrafainkona'),
(672, 'ANM_REN_0080', -18.9055805206298, 47.531997680664, 'TanaAmpandrana'),
(673, 'ANJ_MAR_0004', -15.5375003814697, 49.548053741455, 'MaroantsetraVoloina'),
(674, 'MAT_URB_0006', -21.429027557373, 47.1226119995117, 'FianaraAmpopoka'),
(675, 'SAV_VOH_0015', -13.6776943206787, 50.0275268554687, 'Analovana'),
(676, 'ITA_MIA_0006', -18.8670005798339, 46.7245826721191, 'Ifanja'),
(677, 'ANM_REN_0083', -18.9077224731445, 47.5416946411132, 'TanaBetongolo'),
(678, 'ANM_REN_0082', -18.9054431915283, 47.5470275878906, 'TanaTsarahonenana'),
(679, 'ANM_REN_0081', -18.9298057556152, 47.5434455871582, 'TanaFenomanana'),
(680, 'MAT_URB_0007', -21.4544219970703, 47.0868606567382, 'FianaraAnjoma'),
(681, 'ANM_REN_0084', -18.9198532104492, 47.5683097839355, 'TanaAmbolokandrina'),
(682, 'ANM_AMB_0023', -18.8478603363037, 47.4785575866699, 'TanaSiloAmbohibao'),
(683, 'VAK_FAR_0003', -19.5161933898925, 47.0520553588867, 'Ambatondradama'),
(684, 'MAT_URB_0008', -21.4424724578857, 47.0984725952148, 'FianaraBesorohitra'),
(685, 'ANJ_MAN_0005', -16.1714401245117, 49.762409210205, 'Mananara2'),
(686, 'ANJ_MAN_0004', -16.2272224426269, 49.8496665954589, 'CapBeloneBBNord'),
(687, 'ATS_URB_0017', -18.1621055603027, 49.400577545166, 'TamaAndroranga'),
(688, 'MAT_URB_0009', -21.4348335266113, 47.0972518920898, 'FianaraMahamanina'),
(689, 'ANM_SUD_0024', -18.9269256591796, 47.47119140625, 'VinanyAmpitatafika'),
(690, 'ANO_AMB_0003', -24.4803619384765, 46.5504989624023, 'Tranomaro'),
(691, 'ATS_URB_0018', -18.1560897827148, 49.4268646240234, 'TamaPort'),
(692, 'ALA_MOR_0014', -19.0031948089599, 48.4054450988769, 'Andasibe2'),
(693, 'ATS_BRI_0010', -18.3715553283691, 48.8502235412597, 'Anivoranokely'),
(694, 'VAK_ANT_0007', -19.7673664093017, 47.6735038757324, 'Belanitra'),
(695, 'ANM_REN_0085', -18.8792133331298, 47.5063018798828, 'TanaAndraharo'),
(696, 'ANM_REN_0086', -18.8974990844726, 47.5258293151855, 'TanaAnkadifotsy'),
(697, 'ANM_SUD_0025', -18.9776668548583, 47.5098609924316, 'TanaBevalala'),
(698, 'ANM_AMB_0024', -18.8394165039062, 47.4724731445312, 'TanaMandriambero'),
(699, 'BET_MAE_0008', -16.9535503387451, 46.8315734863281, 'Maevatanana2'),
(700, 'ANM_AMB_0025', -18.8064174652099, 47.4724731445312, 'TanaIvatoMamory'),
(701, 'ANM_NOR_0019', -18.8151950836181, 47.5569381713867, 'TanaAnosyAvaratra2'),
(702, 'ANM_REN_0087', -18.8996105194091, 47.5602226257324, 'TanaAndraisoro2'),
(703, 'ANM_REN_0089', -18.9456119537353, 47.513916015625, 'TanaFasankarana'),
(704, 'ANM_REN_0088', -18.9370002746582, 47.5116119384765, 'TanaNamontana'),
(705, 'ANM_SUD_0026', -18.93017578125, 47.4763374328613, 'TanaAmbohimamory'),
(706, 'ANM_NOR_0020', -18.9420833587646, 47.5602226257324, 'TanaAmbatonjara'),
(707, 'ANM_SUD_0027', -18.980110168457, 47.5330009460449, 'TanaAndoharanofotsy2'),
(708, 'BOE_URB_0014', -15.7148838043212, 46.3344955444335, 'MajungaMahatsinjo'),
(709, 'AMO_ABS_0009', -20.5452499389648, 47.2411651611328, 'Ambositra2'),
(710, 'ATS_URB_0019', -18.1575832366943, 49.4060134887695, 'TamaAnjoma2'),
(711, 'ANM_REN_0090', -18.8905925750732, 47.5572624206542, 'TanaAnkerana'),
(712, 'ATS_URB_0020', -18.1347885131835, 49.4100761413574, 'TamaSalazamay'),
(713, 'SOF_ANA_0007', -15.1184997558593, 47.0972785949707, 'Mifoko'),
(714, 'MEN_MOR_0010', -20.294822692871, 44.3004989624023, 'MorondavaTsimahavaokely'),
(715, 'SAV_SAM_0021', -14.0138893127441, 49.6515007019042, 'Antsahavaribe2'),
(716, 'SAV_VOH_0016', -13.4578504562377, 49.7159042358398, 'Bobakindro'),
(717, 'ANJ_MAR_0005', -15.4053058624267, 49.9215278625488, 'Mahalevona'),
(718, 'DIA_URB_0014', -12.3135747909545, 49.2870025634765, 'DiegoManongalaza'),
(719, 'ANM_NOR_0021', -18.846300125122, 47.5534515380859, 'TanaAnkadikelyIlafy'),
(720, 'ANJ_MAR_0006', -15.3877220153808, 49.8240280151367, 'BezavonaAntakotako'),
(721, 'ANJ_MAR_0007', -15.3330001831054, 49.6086120605468, 'Ambinanitelo'),
(722, 'ATS_URB_0021', -18.1501331329345, 49.4056396484375, 'TamaTanambao5'),
(723, 'ANJ_FEN_0005', -17.3737506866455, 49.4033889770507, 'FeneriveEst'),
(724, 'ANM_REN_0091', -18.922981262207, 47.541690826416, 'TanaAmbatoroka'),
(725, 'ANJ_MAN_0006', -15.9090280532836, 49.7282791137695, 'Tanjona'),
(726, 'ATS_RUR_0019', -17.7461395263671, 49.2527770996093, 'AmpisokinaAndodabe'),
(727, 'ANJ_FEN_0006', -17.1476116180419, 49.2742500305175, 'VohipenoBBNord'),
(728, 'ANJ_SOA_0004', -16.6363887786865, 49.519416809082, 'Ambodibilahy'),
(729, 'BON_TSI_0006', -18.7724723815917, 46.0500297546386, 'Tsiroanomandidy3'),
(730, 'BON_TSI_0007', -18.7632408142089, 46.0414314270019, 'Tsiroanomandidy2'),
(731, 'ANJ_MAR_0008', -15.3670501708984, 49.9204902648925, 'Fizoana'),
(732, 'SAV_ANT_0013', -15.1861114501953, 50.1107215881347, 'ManakambahinyBB'),
(733, 'ANM_AMB_0026', -18.8116111755371, 47.513084411621, 'TanaAmbodifasina'),
(734, 'DIA_NOS_0020', -13.4005556106567, 48.2655296325683, 'NosyBeAndavakotakona'),
(735, 'VAK_URB_0013', -19.8486671447753, 47.030418395996, 'AntsirabeAntanimenakely'),
(736, 'DIA_ABJ_0011', -13.6686172485351, 48.4518394470214, 'AmbanjaTanambao5'),
(737, 'BOE_URB_0015', -15.6988611221313, 46.3523063659667, 'MajungaAmbondrona2'),
(738, 'ANM_REN_0092', -18.8740558624267, 47.5190849304199, 'TanaAlarobia'),
(739, 'ANM_REN_0093', -18.9195003509521, 47.5555267333984, 'TanaAnkatso2'),
(740, 'ITA_MIA_0007', -18.8115940093994, 47.0350494384765, 'Soavimbazaha'),
(741, 'ATS_URB_0022', -18.1673603057861, 49.4029426574707, 'TamaManangareza2'),
(742, 'SAV_SAM_0022', -14.2831392288208, 50.173526763916, 'SambavaTsararivotra'),
(743, 'ANM_SUD_0028', -18.9135551452636, 47.4314460754394, 'TanaFenoarivo'),
(744, 'ANM_SUD_0029', -18.9792785644531, 47.5479431152343, 'TanaImerimanjaka'),
(745, 'SAV_ANT_0014', -15.0810003280639, 50.0939178466796, 'Marofinaritra'),
(746, 'ANM_NOR_0022', -18.8386554718017, 47.57710647583, 'TanaIlafyAntsampandrano'),
(747, 'DIA_ABJ_0012', -13.921, 48.557333, 'Manirenja'),
(748, 'ANJ_MAR_0009', -15.429805556, 49.746861111, 'MaroantsetraAnkiakalava'),
(749, 'SAV_SAM_0023', -14.148722, 49.705306, 'Ambatoafo'),
(750, 'SAV_SAM_0025', -14.080631, 49.727337, 'Anjialava'),
(751, 'SAV_SAM_0024', -14.087528, 49.56263, 'Ambanjahilatra'),
(752, 'ANM_REN_0094', -18.9016388, 47.5287776, 'TanaAmbatomitsangana2'),
(753, 'ANJ_MAN_0007', -16.234, 49.685583, 'Ambalahoraka'),
(754, 'ATS_URB_0027', -18.161129, 49.420937, 'TamaAmpasimazava2'),
(755, 'ATS_URB_0023', -18.136194, 49.392666, 'TamaAndranomadio'),
(756, 'DIA_URB_0015', -12.295214, 49.287997, 'DiegoSoafeno'),
(757, 'BOE_URB_0016', -15.709436, 46.325119, 'MajungaTsararano2'),
(758, 'MEN_MOR_0011', -20.290806, 44.274417, 'MorondavaCentre'),
(759, 'SAV_VOH_0017', -13.870278, 49.93225, 'Ampanefena2'),
(760, 'SAV_VOH_0018', -13.366917, 49.99906, 'Vohemar4'),
(761, 'MEN_MIA_0007', -18.30152777, 45.56197222, 'Iorimbato'),
(762, 'SAV_ANT_0015', -14.893351, 50.269989, 'AntalahaAmbondrona'),
(763, 'BOE_MAR_0006', -16.1436667, 46.7528056, 'Ankazomborona'),
(764, 'ANM_REN_0095', -18.902056, 47.49792, 'TanaAndohatapenaka'),
(765, 'ANM_NOR_0023', -18.989833, 47.61431, 'Masindray'),
(766, 'ITA_ARI_0007', -19.029506, 47.381311, 'Amboniriana'),
(767, 'ANM_MAN_0010', -18.982686, 47.726414, 'AndidyAlarobia'),
(768, 'ANM_AMB_0027', -18.8121, 47.338881, 'AntokomaroMahitsy'),
(769, 'ANM_SUD_0030', -19.092036, 47.514064, 'AmbohidahyAmbalavao'),
(770, 'ANM_NOR_0024', -18.871861, 47.670806, 'Ambanitsena'),
(771, 'ANM_NOR_0025', -18.803986, 47.614803, 'Manandriana'),
(772, 'ANM_AND_0006', -19.244023, 47.668408, 'SabotsyAmbohitromby'),
(773, 'ANM_SUD_0031', -18.999275, 47.56103, 'TanaAmbohijanaka'),
(774, 'ANM_MAN_0011', -18.818764, 47.704117, 'AnjomaBetoho'),
(775, 'ANM_NOR_0026', -19.036472, 47.687056, 'Ankadinandriana'),
(776, 'ANM_SUD_0032', -18.978861, 47.494944, 'TanaAnkadivoribe'),
(777, 'ANM_AND_0005', -19.271847, 47.807336, 'AntanamadioTsiazompaniry'),
(778, 'ANM_AND_0007', -19.147028, 47.690417, 'Antsahakely'),
(779, 'ANM_REN_0096', -18.888372, 47.510917, 'TanaAndranomahery'),
(780, 'BOE_URB_0017', -15.70225, 46.312619, 'MajungaMahavoky'),
(781, 'BOE_RUR_0005', -15.826158, 46.3326, 'Boanamary'),
(782, '', -18.890363, 47.524599, 'TanaAmbodivonaIndoor'),
(783, 'VAK_URB_0014', -19.868743, 47.042214, 'AntsirabeTomboarivo'),
(784, 'ATS_URB_0024', -18.143917, 49.379694, 'TamaMangarano2'),
(785, 'ALA_MOR_0016', -18.958306, 48.226667, 'MoramangaAntanamandroso'),
(786, 'ALA_MOR_0015', -18.850139, 48.104583, 'MoramangaMangoro'),
(787, 'BOE_RUR_0006', -15.568506, 46.422467, 'MajungaAntsanitia2'),
(788, 'DIA_ABJ_0014', -13.594778, 48.471306, 'AmbanjaAmbalahonko'),
(789, 'ANM_REN_0100', -18.93357, 47.53495, 'TanaManakambahiny'),
(790, 'DIA_NOS_0021', -13.407474, 48.289172, 'NosyBeAmbanoro'),
(791, 'AAN_RUR_0016', -23.35025, 43.687833, 'TulearAmpasikibo'),
(792, 'AAN_RUR_0017', -23.2865, 43.74375, 'Maromiandra'),
(793, 'DIA_URB_0016', -12.294694, 49.299389, 'DiegoLazaretCUR'),
(794, 'DIA_ABJ_0013', -13.674, 48.444528, 'AmbanjaAnkatahely'),
(795, 'DIA_ABL_0011', -13.192611, 49.05533, 'AmbilobeAntanimariazy'),
(796, 'DIA_ABL_0012', -13.176056, 48.908333, 'Ampondralava'),
(797, 'ANM_REN_0108', -18.925111, 47.570306, 'TanaAmbolokandrina2'),
(798, 'ATS_RUR_0020', -18.226167, 49.284306, 'Melville'),
(799, 'DIA_RUR_0015', -12.285972, 49.392375, 'DiegoBaiedeSakalava'),
(800, 'DIA_RUR_0014', -12.318861, 49.298806, 'DiegoStAugustin'),
(801, 'DIA_ABL_0014', -13.650917, 49.12981, 'Manambato'),
(802, 'SAV_ANT_0017', -14.926639, 50.2845, 'AntalahaMaherifody'),
(803, 'ATS_BRI_0011', -18.791769, 48.905553, 'BrickavilleRazanaka'),
(804, 'SOF_ANA_0009', -14.50583611, 48.02055556, 'BefotakaNord'),
(805, 'SOF_ANT_0004', -14.92675, 48.05761111, 'Ampandriakilandy'),
(806, 'SOF_ANT_0007', -14.887972, 47.989197, 'AntsohihyAmbodimadiro'),
(807, 'SOF_BEF_0004', -15.026389, 48.468139, 'Tsiamalao'),
(808, 'SOF_BOR_0003', -15.568636, 47.909417, 'Leanja'),
(809, 'BOE_MAR_0007', -16.18527778, 46.50783333, 'Manaratsandry'),
(810, 'SOF_ANT_0006', -14.790306, 48.09775, 'AntsohihyAmbodimandresy'),
(811, 'SOF_ANT_0005', -14.782917, 48.362222, 'AntsohihyAntsahabe'),
(812, 'SAV_SAM_0026', -14.29272222, 50.00380556, 'Antsahalalina'),
(813, 'SOF_BEF_0005', -15.35925, 48.598971, 'BefandrianaMarohazo'),
(814, 'SAV_AND_0009', -14.77763889, 49.56702778, 'Andilandrano'),
(815, 'SOF_BEF_0006', -15.561889, 48.501219, 'BefandrianaTsarahonenana'),
(816, 'SOF_MAN_0004', -15.718166, 48.623583, 'MandritsaraAmbodisaina'),
(817, 'SOF_MAN_0005', -15.793194, 48.773639, 'MandritsaraKalandy'),
(818, 'SOF_BEF_0007', -15.170305, 48.448805, 'BefandrianaBeromba'),
(819, 'SOF_ANT_0008', -14.986167, 47.831222, 'AntsohihyAnkerika'),
(820, 'SOF_ANT_0009', -15.06122, 48.1935, 'AntsohihyAnjalazala'),
(821, 'FIT_MAN_0009', -22.150583, 48.00103, 'ManakaraAmbodimanga2'),
(822, 'ANM_SUD_0035', -18.937754, 47.489622, 'TanaAnosizato2'),
(823, 'ANM_REN_0111', -18.854129, 47.484968, 'TanaAmbohidroa'),
(824, 'ANM_REN_0112', -18.926806, 47.531694, 'TanaAmbohimitsimbina'),
(825, 'ALA_AMB_0008', -17.81033333, 48.42191667, 'AmbatoAmbohimanarivo'),
(826, 'ANJ_FEN_0008', -17.3936, 49.4273, 'FeneriveEstAmpasimpotsy'),
(827, 'ATS_URB_0028', -18.1413, 49.4167, 'TamaHopitalibe'),
(828, 'SOF_ANT_0010', -15.3511, 47.8095, 'AntsohihyAmbalafaminty'),
(829, 'ANJ_FEN_0009', -17.2766, 49.3052, 'FeneriveEstAmbatoharana'),
(830, 'ATS_URB_0030', -18.152361, 49.393444, 'TamaAnalamalotra'),
(831, 'ATS_URB_0029', -18.15592, 49.38725, 'TamaTanambao'),
(832, 'ATS_RUR_0021', -18.014916, 49.402222, 'TamaAntetezambaro'),
(833, 'ALA_AMB_0009', -17.87001111, 48.29943056, 'AmbatoManakambahiny'),
(834, 'MAT_URB_0012', -21.440639, 47.111389, 'FianaraBeravina'),
(835, 'MAT_URB_0013', -21.42930556, 47.10025, 'FianaraTalatamaty'),
(836, 'IHO_IHO_0012', -22.68322222, 45.24466667, 'Ilakaka2'),
(837, 'ATS_URB_0031', -18.181639, 49.368556, 'TamaTsarakofafa'),
(838, 'ATS_RUR_0022', -18.275833, 49.341666, 'TamaMahatsara'),
(839, 'SOF_MAN_0006', -15.77077778, 48.89391667, 'MandritsaraAntsoha'),
(840, 'SOF_BEF_0008', -15.40444444, 48.85733333, 'BefandrianaAnkorangana'),
(841, 'MAT_URB_0014', -21.464528, 47.090028, 'FianaraAmpitakely'),
(842, 'ANJ_MAN_0010', -16.127417, 49.608833, 'MananaraAmbodiampana'),
(843, 'ANJ_MAN_0013', -16.35586111, 49.53505556, 'MananaraAmbodivoandraozana'),
(844, 'ANJ_MAN_0012', -16.198861, 49.656944, 'MananaraAmbodivoanio'),
(845, 'ANJ_MAN_0009', -16.17008333, 49.77702778, 'MananaraAndraokaraoka'),
(846, 'ANJ_MAN_0011', -16.052389, 49.674806, 'MananaraManambolosy'),
(847, 'ANM_AMB_0029', -18.81353056, 47.45093889, 'TanaAmbohidratrimo'),
(848, 'AMO_ABS_0010', -20.541417, 47.254583, 'AmbositraTanamahalana'),
(849, 'ANJ_MAN_0014', -16.227013, 49.776159, 'MananaraAndasibe'),
(850, 'ANJ_MAR_0010', -15.395639, 49.676444, 'MaroantsetraAnkofa'),
(851, 'MAT_URB_0015', -21.458722, 47.09119, 'FianaraIsada'),
(852, 'SOF_ANA_0010', -15.37163889, 47.68419444, 'AnalalavaAndrevorevo'),
(853, 'SOF_MAN_0007', -15.62727778, 48.92858333, 'MandritsaraAntsatramidola'),
(854, 'ANM_REN_0113', -18.889694, 47.542333, 'TanaSoavimbahoaka'),
(855, 'DIA_URB_0017', -12.27852778, 49.3, 'DiegoLazaret2'),
(856, 'ATS_RUR_0023', -17.693472, 49.510722, 'Foulpointe2'),
(857, 'ANJ_MAN_0016', -16.40091667, 49.60702778, 'MananaraAmbatoharanana'),
(858, 'ANJ_MAN_0015', -16.27155556, 49.71352778, 'MananaraAntananivo'),
(859, 'SOF_BOR_0004', -15.64208333, 47.58208333, 'BorizinyMarosely'),
(860, 'ANM_NOR_0027', -18.898111, 47.575944, 'TanaAmbohimahitsy'),
(861, 'ANM_NOR_0028', -18.901, 47.59997, 'TanaAmbohimangakely2'),
(862, 'ANM_NOR_0029', -18.884742, 47.615308, 'TanaAmbohitrombihavana'),
(863, 'ANM_SUD_0036', -18.93769444, 47.43361111, 'TanaFenoarivo2'),
(864, 'SOF_BOR_0005', -15.46477778, 47.44044444, 'BorizinyTsiningia'),
(865, 'ANJ_STM_0006', -17.113722, 49.80283, 'SainteMarieAgniribe'),
(866, 'DIA_ABL_0016', -13.059861, 48.97622, 'AmbilobeAntsaravibe'),
(867, 'ANJ_MAN_0017', -16.19258333, 49.55972222, 'MananaraAmbodivoanio2'),
(868, 'ANM_SUD_0037', -18.980056, 47.425583, 'TanaVontovorona2'),
(869, 'IHO_IHO_0013', -22.399083, 46.119472, 'IhosyTsaramandroso'),
(870, 'ANJ_FEN_0010', -17.385828, 49.40332, 'FeneriveEstAmparatanana'),
(871, 'BOE_URB_0019', -15.676222, 46.337472, 'MajungaAmborovy2'),
(872, 'SAV_AND_0010', -14.68838, 49.50666, 'AndapaBealampona'),
(873, 'AMO_ABS_0011', -20.517194, 47.250806, 'AmbositraVatovory'),
(874, 'ANJ_MAR_0011', -15.4102, 49.8678, 'MaroantsetraAnjahana'),
(875, 'ANM_NOR_0031', -18.969028, 47.56153, 'TanaMendrikolovana'),
(876, '', -24.345528, 44.51606, 'Ejeda2'),
(877, '', -21.44088889, 47.08963889, 'FianaraSahalava'),
(878, '', -18.94025, 48.224056, 'MoramangaTsarafasina'),
(879, '', -18.8045, 47.402806, 'TanaAnosiala'),
(880, '', 0, 0, 'VavateninaMaromitety'),
(881, '', -18.85144444, 47.53858333, 'TanaIlafyAntanandrano'),
(882, '', -13.131333, 49.34872, 'AmbilobeBetsiaka2'),
(883, '', -23.36225, 43.676167, 'TulearMahavatse2'),
(884, '', -23.370185, 43.69546, 'TulearMahavatse3'),
(885, '', -20.289096, 44.325, 'MorondavaAntsakoameloka'),
(886, '', -16.601917, 44.489861, 'BesalampyAnkokoabo2'),
(887, '', -23.357861, 43.693222, 'TulearAndakoro'),
(888, '', -15.56747222, 47.03694444, 'Mahajamba3'),
(889, '', -13.281167, 48.301944, 'NosyBeBemanondro'),
(890, '', 0, 0, 'TamaSherrittCM'),
(891, '', 0, 0, 'AnalalavaAntonibe'),
(892, '', 0, 0, 'Andilamena2'),
(893, '', 0, 0, 'FortDauphinTanambao'),
(894, '', -14.526444, 49.58828, 'AndapaAmbalamanasy2'),
(895, '', 0, 0, 'MorondavaTsimahavaokely2'),
(896, '', 0, 0, 'AntsirabeAsabotsy'),
(897, '', 0, 0, 'Mantasoa3'),
(898, '', -23.5888, 43.663915, 'AmbahikilyPicom'),
(899, '', -13.0489, 49.565, 'Ambondra'),
(900, '', -13.2187, 49.7425, 'Ampandrabe'),
(901, '', -16.4896, 44.918, 'Ampandriamboro'),
(902, '', -21.5119, 44.1299, 'Analanjaha'),
(903, '', -13.146, 49.3369, 'Andrafialava'),
(904, '', -16.267, 45.1333, 'AndrafialavaPICOM'),
(905, '', -16.7852, 44.4966, 'Andrafiatokana'),
(906, '', -24.0744, 44.4405, 'Andranoabo'),
(907, '', -15.5009, 50.4195, 'Andranoampaha'),
(908, '', -23.0814, 47.6292, 'AnkaranaBB'),
(909, '', -22.762, 43.6212, 'AnkililaokaPICOM'),
(910, '', -25.1314, 46.3186, 'Ankilimanara'),
(911, '', -16.7203, 44.7407, 'Ankiliolio'),
(912, '', -18.9792, 44.5632, 'Antokazo'),
(913, '', -21.88847, 43.371222, 'Befandefa'),
(914, '', -24.6559, 44.6459, 'Behavandra'),
(915, '', -20.7621, 44.6683, 'Bemena'),
(916, '', -22.4939, 47.7291, 'Imbasy'),
(917, '', -21.293, 44.0137, 'ManjaTsianihy'),
(918, '', -13.7946, 49.9408, 'Marotongotra'),
(919, '', -16.008531, 45.870369, 'MitsinjoPicom'),
(920, '', -13.227083, 49.813583, 'MorafenoBB'),
(921, '', -21.251935, 47.408578, 'RanomafanaBB'),
(922, '', -17.177, 44.422, 'Saropitsaha'),
(923, '', -17.5512, 44.258, 'Veromanga'),
(924, '', -23.5887, 47.4852, 'Vohimary'),
(925, '', 0, 0, ''),
(926, '', 0, 0, ''),
(927, '', 0, 0, ''),
(928, '', 0, 0, ''),
(929, '', 0, 0, ''),
(930, '', 0, 0, ''),
(931, '', 0, 0, ''),
(932, '', 0, 0, ''),
(933, '', 0, 0, ''),
(934, '', 0, 0, ''),
(935, '', 0, 0, ''),
(936, '', 0, 0, ''),
(937, '', 0, 0, ''),
(938, '', 0, 0, ''),
(939, '', 0, 0, '');

INSERT INTO `service` (`id`, `name`) VALUES
    (1, 'B2W BOA'),
    (2, 'Interop OrangeMoney-Mvola'),
    (3, 'Orange Money'),
    (4, 'Orange Money core'),
    (5, 'Mkajy'),
    (6, 'BET 261'),
    (7, 'B2W SGM'),
    (8, 'B2W BMOI'),
    (9, 'eTopup via OM'),
    (10, 'ZEBRA'),
    (11, 'Tahiry Be(partenaire PAMF)'),
    (12, 'All B2W (BOA, BMOI, Baboab) Bill Payment Canal+Interop OM-Mvola - OM-AIrtelMoneyM-kajyTransfert International'),
    (13, 'M Baobab'),
    (14, 'NOMAD'),
    (15, 'Transfert International (OFR-OMM)'),
    (16, 'Orange Money Paiement Facture canal+'),
    (17, 'Orange Money B2W BAOBAB'),
    (18, 'Orange Money B2W BOA'),
    (19, 'All B2W (BOA, BMOI, Baboab)'),
    (20, 'M kajy et M-kajy pro'),
    (21, 'Orange Money Web Payment'),
    (22, 'All Addons Groupe Orange Money'),
    (23, 'Orange MoneyAddon'),
    (24, 'B2W Boabab'),
    (25, 'Orange Money via USSD'),
    (26, 'All Addons local et Application mobile Orange Money'),
    (27, 'Service B2W  et IRT'),
    (28, 'Interop OrangeMoney-Airtel Money'),
    (29, 'Paiement facture Canal + via OM'),
    (30, 'Broker (Addon local Orange Money)'),
    (31, 'My Orange (Za sy Orange)'),
    (32, 'API SMS'),
    (33, 'Google RCS'),
    (34, 'RMS'),
    (35, 'Rapport DWH GR'),
    (36, 'Messaging Pro');


INSERT INTO `type` (`id`, `name`) VALUES
    (1, 'reseau'),
    (2, 'service');
--INSERT INTO `incident` (`id`, `cause`, `closed_at`, `created_at`, `criticality`, `duration`, `end_date`, `resolution`, `start_date`, `status`, `category`, `nursingle`, `service`, `site`, `type`) VALUES
--    (1, 'dfg', NULL, '2023-03-03 16:21:21.248963', 'FAIBLE', 0, NULL, 'sdfg', '2023-03-09 03:21:00.000000', 'TERMINE', NULL, 1, NULL, 1, 1),
--    (2, 'sdfg', NULL, '2023-03-03 16:22:16.622439', 'CRITIQUE', 0, NULL, 'dfgh', '2023-03-01 03:21:00.000000', 'TERMINE', NULL, 9, NULL, 1, 1);


INSERT INTO `incident` (`id`, `cause`, `closed_at`, `created_at`, `criticality`, `customId`, `duration`, `end_date`, `resolution`, `root_cause`, `start_date`, `status`, `category`, `nursingle`, `service`, `site`, `type`) VALUES
	(1, 'sdf', '2023-03-09 15:33:04.479907', '2023-03-09 15:32:37.585767', 'CRITIQUE', 'ALR0001', 10061, '2023-03-09 03:02:00.000000', 'sdf', NULL, '2023-03-02 03:21:00.000000', 'TERMINE', NULL, 1, NULL, 1, 1),
	(2, 'fsd', NULL, '2023-03-09 15:32:55.418115', 'CRITIQUE', 'ALR0002', 0, NULL, 'd', NULL, '2023-03-10 03:02:00.000000', 'EN_COURS', NULL, 1, NULL, 1, 1),
	(3, 'f', NULL, '2023-03-09 15:33:38.356248', 'CRITIQUE', 'ALR0003', 0, NULL, 'sdf', NULL, '2023-03-07 03:21:00.000000', 'EN_COURS', NULL, NULL, 1, NULL, 2),
	(4, 'sdf', NULL, '2023-03-09 15:33:50.209015', 'CRITIQUE', 'ALR0004', 0, NULL, 'sdf', NULL, '2023-03-02 03:21:00.000000', 'EN_COURS', NULL, NULL, 1, NULL, 2);